NIM,nama_kelas,jenis_kelamin,tahun_lahir,tempat_tinggal_kuliah,provinsi_asal,kota_asal,ipk,ips_semester_genap_2021/2022,ips_semester_ganjil_2022/2023,nilai_matkul_matematika_bisnis,nilai_matkul_kalkulus_1,nilai_matkul_bahasa_inggris_1,total_sks_semester,total_matkul_mengulang,memiliki_beasiswa,jalur_pendaftaran_kampus,tipe_sma,latar_belakang_sma,nilai_matematika_sma_kelas_12,pendidikan_ibu,pendidikan_ayah,jumlah_saudara,role_model_keluarga,penghasilan_orang_tua,jenis_tempat_tinggal_keluarga,rating_kesan_mata_kuliah,waktu_khusus_belajar,cara_belajar_mahasiswa,platform_belajar_online,akses_pembelajaran,suka_lomba,total_mengikuti_lomba,sosial_media,total_akses_sosial_media,genre_permainan,jenis_organisasi,jenis_ukm,estimasi_waktu_perjalanan_ke_kampus,durasi_bekerja_selama_kuliah,tipe_pekerjaan_selama_kuliah
103120114,sistem informasi manajemen,laki-laki,2000,bersama orang tua,dki jakarta,jakarta,3.01,2.95,3.1,b,a,a-,110.0,1.0,tidak,seleksi rapot,sma/sman,negeri,70.0,sma/sederajat,sma/sederajat,1,bapak,> 40.000.000,rumah,4.0,ya,visual,tidak ada,daring,4.0,11-20,tiktok,3-5,"strategi, multiplayer",organisasi keahlian,olahraga,<15,20-45,part-time
103121024,sistem informasi manajemen,laki-laki,2001,kos,jawa tengah,pekalongan,3.25,3.19,3.31,b,a,b,22.0,0.0,tidak,seleksi rapot,sma/sman,negeri,89.0,sma/sederajat,sma/sederajat,1,kakek,2.000.000 - 4.000.000,bersama anggota keluarga besar,4.0,ya,visual,tidak ada,luring,2.0,0,instagram,3-5,strategi,tidak mengikuti organisasi,tidak mengikuti kegiatan ukm,15-30,20-45,berdagang/berjualan
103121035,sistem informasi manajemen,laki-laki,2003,bersama orang tua,dki jakarta,kota administrasi jakarta timur,3.29,3.33,3.08,a,a,a-,22.0,0.0,tidak,seleksi rapot,sma/sman,negeri,89.0,s1/sederajat,s1/sederajat,1,kakak,4.000.000 - 8.000.000,rumah,4.0,ya,visual,tidak ada,daring,2.0,0,instagram,1-3,"multiplayer, strategi, aksi, shooting",himpunan mahasiswa,tidak mengikuti kegiatan ukm,60-120,<10,freelance
103121017,sistem informasi manajemen,laki-laki,2003,bersama orang tua,dki jakarta,jakarta,3.33,3.56,3.46,b,a,a,22.0,1.0,tidak,seleksi rapot,sma/sman,negeri,82.0,s1/sederajat,s2/sederajat,2,bapak,8.000.000 - 40.000.000,rumah,3.0,ya,aural,tidak ada,luring,2.0,0,"instagram, twitter, tiktok",5-10,multiplayer,himpunan mahasiswa,olahraga,30-60,0,tidak bekerja
103121012,sistem informasi manajemen,laki-laki,2003,kos,sumatera utara,sibolga,3.3249998,3.4250002,3.34,c+,a,b-,22.0,0.0,tidak,seleksi rapot,mengulang kuliah,swasta,89.0,d1-d3,sma/sederajat,2,bapak,4.000.000 - 8.000.000,rumah,4.0,ya,reading,tidak ada,luring,2.0,0,"instagram, facebook, tiktok",1-3,"aksi, petualangan, strategi, teka-teki, olahraga",organisasi keagamaan,keagamaan,<15,<10,part-time
103120108,sistem informasi manajemen,laki-laki,2002,bersama orang tua,jawa barat,kota bekasi,2.96,2.48,3.24,a,a,b+,22.0,1.0,tidak,seleksi rapot,sma/sman,swasta,87.0,d1-d3,s1/sederajat,1,bapak,8.000.000 - 40.000.000,rumah,4.0,ya,kinestetic,tidak ada,luring,3.0,1-3,"instagram, facebook, tiktok",1-3,tidak bermain game,"organisasi pengusaha, organisasi pengusaha",kewirausahaan,60-120,>45,berdagang/berjualan
103121057,sistem informasi manajemen,laki-laki,2002,bersama orang tua,banten,kota tangerang,3.59,3.74,3.48,a,a,a,23.0,0.0,tidak,seleksi rapot,sma/sman,negeri,90.0,sma/sederajat,d4/sarjana terapan,3,bapak,8.000.000 - 40.000.000,rumah,4.0,ya,visual,zenius,daring,5.0,4-10,instagram,1-3,"aksi, strategi, olahraga, multiplayer",himpunan mahasiswa,olahraga,15-30,0,tidak bekerja
103121014,sistem informasi manajemen,laki-laki,2003,kos,jawa barat,bekasi,3.51,3.52,3.51,b-,a,b+,24.0,0.0,tidak,seleksi rapot,sma/sman,negeri,91.0,smp/sederajat,s2/sederajat,2,tidak ada / rahasia,> 40.000.000,rumah,3.0,ya,reading,tidak ada,daring,3.0,0,instagram,1-3,"aksi, petualangan, strategi, teka-teki, multiplayer",tidak mengikuti organisasi,keagamaan,15-30,10-20,freelance
103121077,sistem informasi manajemen,perempuan,2001,bersama orang tua,jawa barat,kab. bogor,3.72,3.77,3.65,a,a,a,24.0,0.0,tidak,beasiswa aperti bumn,sma/sman,negeri,90.0,sma/sederajat,sma/sederajat,2,ibu,8.000.000 - 40.000.000,rumah,3.0,ya,visual,"coursera, zenius",daring,2.0,0,"instagram, twitter, tiktok",5-10,"aksi, petualangan, strategi, multiplayer",tidak mengikuti organisasi,kesenian,>120,0,tidak bekerja
103119015,sistem informasi manajemen,laki-laki,2001,kos,sumatera utara,samosir,3.19,3.4250002,3.34,a-,a,c+,144.0,3.0,tidak,ujian tes,sma/sman,negeri,89.0,s1/sederajat,sma/sederajat,1,bapak,4.000.000 - 8.000.000,rumah,3.0,ya,visual,tidak ada,luring,5.0,0,"instagram, facebook, tiktok",5-10,"strategi, teka-teki, olahraga","himpunan mahasiswa, organisasi masyarakat",saat ini sudah tidak ada,<15,<10,asisten kuliah
103121062,sistem informasi manajemen,perempuan,2003,kos,jawa barat,bogor,3.44,3.37,3.34,b+,a,b,24.0,0.0,tidak,utbk/snbp,smk/smkn,swasta,73.0,sma/sederajat,d1-d3,2,tidak ada / rahasia,4.000.000 - 8.000.000,rumah,3.0,ya,aural,tidak ada,luring,2.0,0,"instagram, twitter, tiktok",1-3,"strategi, tidak bermain game",tidak mengikuti organisasi,penalaran dan keilmuan,15-30,0,tidak bekerja
103121048,sistem informasi manajemen,laki-laki,2001,kos,dki jakarta,jakarta utara,3.15,3.26,2.96,c+,a,b,22.0,0.0,tidak,ujian tes,sma/sman,negeri,37.5,sd/sederajat,smp/sederajat,3,tidak ada / rahasia,4.000.000 - 8.000.000,rumah,3.0,tidak,kinestetic,tidak ada,daring,3.0,0,"instagram, twitter, tiktok",1-3,"petualangan, strategi, multiplayer",tidak mengikuti organisasi,tidak mengikuti kegiatan ukm,<15,0,tidak bekerja
103118080,sistem informasi manajemen,laki-laki,1999,kontrakan,kalimantan timur,samarinda,2.69,2.79,2.39,a,a,b,18.0,6.0,tidak,ujian tes,sma/sman,negeri,85.0,sma/sederajat,smp/sederajat,3,bapak,4.000.000 - 8.000.000,rumah,3.0,ya,visual,udemy,luring,5.0,4-10,instagram,1-3,petualangan,organisasi keahlian,olahraga,60-120,10-20,full-time
103121064,sistem informasi manajemen,perempuan,2003,kos,jawa tengah,pemalang,3.51,3.48,3.38,b+,a,b,24.0,0.0,tidak,seleksi rapot,sma/sman,negeri,90.0,sma/sederajat,sma/sederajat,0,"kakak, ibu",8.000.000 - 40.000.000,rumah,4.0,ya,reading,tidak ada,luring,3.0,1-3,"instagram, tiktok",5-10,tidak bermain game,tidak mengikuti organisasi,penalaran dan keilmuan,<15,10-20,part-time
103121041,sistem informasi manajemen,perempuan,2001,kos,jawa timur,tuban,3.6,3.64,3.58,a,a,a,24.0,0.0,tidak,seleksi rapot,sma/sman,negeri,80.0,smp/sederajat,s1/sederajat,1,bapak,4.000.000 - 8.000.000,rumah,4.0,ya,reading,"coursera, ruangguru, zenius",daring,5.0,>20,instagram,1-3,"aksi, petualangan, strategi","himpunan mahasiswa, organisasi sosial, organisasi masyarakat, organisasi sosial",penalaran dan keilmuan,<15,<10,freelance
103121026,sistem informasi manajemen,perempuan,2003,kos,sumatera selatan,kabupaten banyuasin,3.97,3.94,4.0,a,a,a,23.0,0.0,ya,beasiswa undangan,sma/sman,negeri,89.0,sma/sederajat,smp/sederajat,>4,ibu,2.000.000 - 4.000.000,rumah,3.0,ya,visual,"coursera, ruangguru",luring,4.0,1-3,"instagram, tiktok",3-5,"petualangan, strategi, teka-teki","himpunan mahasiswa, organisasi keahlian",kesenian,15-30,0,tidak bekerja
103121021,sistem informasi manajemen,perempuan,2002,bersama orang tua,jawa tengah,sman 1 kota magelang,3.83,3.82,3.76,a,a,a,24.0,0.0,tidak,seleksi rapot,sma/sman,negeri,87.0,sma/sederajat,sma/sederajat,1,ibu,4.000.000 - 8.000.000,rumah,4.0,tidak,aural,"ruangguru, zenius",luring,4.0,1-3,"instagram, twitter, tiktok",5-10,"aksi, petualangan, strategi, olahraga, multiplayer","himpunan mahasiswa, organisasi keagamaan, organisasi keahlian","olahraga, keagamaan",60-120,0,tidak bekerja
103121037,sistem informasi manajemen,laki-laki,2003,bersama orang tua,jawa barat,depok,3.18,3.37,3.1,a,a,b,22.0,0.0,tidak,seleksi rapot,sma/sman,negeri,80.0,s1/sederajat,sma/sederajat,2,ibu,8.000.000 - 40.000.000,rumah,4.0,ya,visual,zenius,daring,3.0,1-3,"instagram, facebook, twitter, tiktok",3-5,"aksi, multiplayer",tidak mengikuti organisasi,photocinema,60-120,<10,freelance
103121044,sistem informasi manajemen,perempuan,2003,kos,riau,pangkalan kerinci,3.7,3.72,3.7,b+,a,a-,24.0,0.0,tidak,seleksi rapot,sma/sman,swasta,90.0,sma/sederajat,sma/sederajat,3,ibu,4.000.000 - 8.000.000,rumah,4.0,ya,reading,tidak ada,luring,4.0,1-3,instagram,3-5,"aksi, petualangan, multiplayer",tidak mengikuti organisasi,kesenian,<15,0,tidak bekerja
103120037,sistem informasi manajemen,perempuan,2003,kos,jawa barat,tambun,3.61,3.4250002,3.34,a,a,a-,23.0,1.0,ya,seleksi rapot,sma/sman,swasta,89.0,s1/sederajat,s1/sederajat,0,ibu,4.000.000 - 8.000.000,rumah,3.0,ya,kinestetic,tidak ada,luring,3.0,1-3,"instagram, tiktok",3-5,"aksi, teka-teki",himpunan mahasiswa,kewirausahaan,<15,<10,part-time
103121020,sistem informasi manajemen,laki-laki,2003,kos,bengkulu,kota bengkulu,3.23,3.27,3.17,c+,a,b,22.0,0.0,tidak,seleksi rapot,sma/sman,negeri,85.0,sma/sederajat,sma/sederajat,0,tidak ada / rahasia,2.000.000 - 4.000.000,rumah,4.0,ya,visual,tidak ada,luring,3.0,0,tiktok,<1,tidak bermain game,tidak mengikuti organisasi,olahraga,<15,<10,part-time
103121023,sistem informasi manajemen,perempuan,2003,kos,nanggroe aceh darussalam,pidie jaya,3.64,3.74,3.56,a,a,b+,24.0,0.0,tidak,seleksi rapot,ma/man,swasta,96.0,s2/sederajat,s2/sederajat,2,bapak,8.000.000 - 40.000.000,rumah,3.0,ya,reading,ruangguru,luring,3.0,0,instagram,3-5,tidak bermain game,himpunan mahasiswa,kewirausahaan,<15,0,tidak bekerja
103121033,sistem informasi manajemen,perempuan,2003,bersama orang tua,dki jakarta,jakarta selatan,3.73,3.4250002,3.34,a,a,a,24.0,0.0,tidak,seleksi rapot,sma/sman,negeri,89.0,sma/sederajat,s2/sederajat,2,ibu,8.000.000 - 40.000.000,rumah,3.0,ya,kinestetic,ruangguru,luring,3.0,1-3,"instagram, tiktok",3-5,tidak bermain game,"himpunan mahasiswa, organisasi sosial",tidak mengikuti kegiatan ukm,30-60,<10,freelance
103121046,sistem informasi manajemen,perempuan,2003,bersama orang tua,dki jakarta,jakarta selatan,3.43,3.4250002,3.34,c+,a,a-,23.0,0.0,tidak,seleksi rapot,sma/sman,swasta,86.0,sma/sederajat,sma/sederajat,2,bapak,2.000.000 - 4.000.000,rumah dinas,3.0,tidak,visual,tidak ada,luring,3.0,0,"instagram, tiktok",3-5,tidak bermain game,organisasi keahlian,olahraga,15-30,0,tidak bekerja
103121001,sistem informasi manajemen,laki-laki,2002,kos,jawa timur,probolinggo,3.28,3.57,3.04,a,a,a,22.0,0.0,tidak,seleksi rapot,sma/sman,negeri,89.0,sma/sederajat,sma/sederajat,2,ibu,4.000.000 - 8.000.000,rumah,3.0,ya,reading,"coursera, ruangguru, zenius",luring,5.0,1-3,"instagram, tiktok",3-5,"strategi, teka-teki",himpunan mahasiswa,olahraga,<15,0,tidak bekerja
103121069,sistem informasi manajemen,perempuan,2003,kos,sumatera utara,medan,3.59,3.54,3.58,a,a,a-,24.0,0.0,tidak,seleksi rapot,sma/sman,swasta,89.0,s1/sederajat,s1/sederajat,0,ibu,4.000.000 - 8.000.000,rumah,3.0,ya,reading,tidak ada,luring,4.0,4-10,"instagram, twitter, tiktok",3-5,teka-teki,"himpunan mahasiswa, organisasi keagamaan",keagamaan,<15,0,tidak bekerja
103121081,sistem informasi manajemen,perempuan,2003,bersama orang tua,banten,tangerang selatan,3.93,3.4250002,3.34,a,a,a,24.0,0.0,ya,seleksi rapot,sma/sman,swasta,75.0,sma/sederajat,s1/sederajat,3,ibu,> 40.000.000,rumah,3.0,ya,visual,"coursera, ruangguru, zenius",luring,5.0,1-3,"instagram, tiktok",5-10,"petualangan, strategi, multiplayer","himpunan mahasiswa, organisasi keagamaan, organisasi sosial",keagamaan,60-120,0,tidak bekerja
103121051,sistem informasi manajemen,perempuan,2001,kos,jawa tengah,surakarta,3.67,3.54,3.66,a,a,b+,24.0,0.0,tidak,ujian tes,sma/sman,swasta,89.0,s1/sederajat,sma/sederajat,3,ibu,8.000.000 - 40.000.000,rumah,3.0,ya,reading,tidak ada,daring,3.0,1-3,"instagram, tiktok",3-5,tidak bermain game,himpunan mahasiswa,keagamaan,<15,0,tidak bekerja
103121049,sistem informasi manajemen,laki-laki,2003,kontrakan,jawa barat,kota bekasi,3.19,3.69,3.34,a,a,a,22.0,0.0,tidak,ujian tes,sma/sman,negeri,85.0,d4/sarjana terapan,s1/sederajat,3,bapak,8.000.000 - 40.000.000,rumah,3.0,ya,visual,tidak ada,luring,3.0,1-3,"instagram, twitter, tiktok",5-10,"petualangan, strategi, teka-teki, olahraga, multiplayer",himpunan mahasiswa,olahraga,15-30,0,tidak bekerja
103121029,sistem informasi manajemen,perempuan,2003,asrama,nusa tenggara timur,kupang,3.59,3.4250002,3.34,a,a,a,24.0,0.0,ya,seleksi rapot,sma/sman,swasta,80.0,s1/sederajat,sma/sederajat,1,bapak,8.000.000 - 40.000.000,rumah,3.0,ya,kinestetic,tidak ada,luring,4.0,1-3,instagram,5-10,petualangan,himpunan mahasiswa,penalaran dan keilmuan,<15,0,tidak bekerja
103121063,sistem informasi manajemen,laki-laki,2003,kos,nanggroe aceh darussalam,aceh,3.42,3.4250002,3.34,a,a,a-,23.0,0.0,tidak,seleksi rapot,sma/sman,negeri,70.0,d1-d3,s1/sederajat,3,bapak,2.000.000 - 4.000.000,rumah,4.0,ya,reading,tidak ada,daring,4.0,1-3,instagram,3-5,multiplayer,organisasi keahlian,olahraga,<15,<10,freelance
103121011,sistem informasi manajemen,laki-laki,2002,kos,jawa timur,lumajang,3.74,3.87,3.65,a,a,a,23.0,0.0,tidak,seleksi rapot,sma/sman,negeri,78.0,d1-d3,s1/sederajat,3,ibu,2.000.000 - 4.000.000,rumah,4.0,tidak,visual,"coursera, udemy",luring,1.0,0,"instagram, tiktok",>10,"aksi, petualangan, strategi, multiplayer",himpunan mahasiswa,tidak mengikuti kegiatan ukm,60-120,0,tidak bekerja
103121065,sistem informasi manajemen,perempuan,2002,bersama orang tua,jawa tengah,brebes,3.36,3.36,3.23,a,a,a-,22.0,0.0,tidak,seleksi rapot,sma/sman,negeri,89.0,sma/sederajat,sd/sederajat,1,tidak ada / rahasia,2.000.000 - 4.000.000,rumah,4.0,tidak,reading,tidak ada,daring,2.0,0,"instagram, tiktok",3-5,tidak bermain game,organisasi sosial,kesenian,15-30,0,tidak bekerja
103119053,sistem informasi manajemen,laki-laki,2001,kos,sumatera utara,sei bamban,2.83,3.03,3.73,b,a,c,21.0,1.0,tidak,ujian tes,sma/sman,swasta,89.0,sma/sederajat,sma/sederajat,4,ibu,4.000.000 - 8.000.000,rumah,3.0,ya,visual,tidak ada,luring,3.0,1-3,"instagram, tiktok",3-5,strategi,"himpunan mahasiswa, organisasi keagamaan, organisasi sosial","olahraga, keagamaan",15-30,<10,berdagang/berjualan
103121027,sistem informasi manajemen,perempuan,2002,asrama,nusa tenggara timur,"kota maumere, kab. sikka",3.66,3.74,3.54,a,a,a,83.0,0.0,ya,beasiswa undangan,sma/sman,swasta,89.0,sd/sederajat,sd/sederajat,1,tidak ada / rahasia,< 2.000.000,rumah,3.0,ya,visual,"ruangguru, zenius, quipper",luring,3.0,1-3,"instagram, twitter",3-5,tidak bermain game,"himpunan mahasiswa, penalaran dan keilmuan",penalaran dan keilmuan,15-30,0,tidak bekerja
103121052,sistem informasi manajemen,perempuan,2002,bersama orang tua,dki jakarta,sman 44 jakarta,3.59,3.78,3.37,b,a,b+,23.0,0.0,tidak,ujian tes,sma/sman,negeri,89.0,sma/sederajat,sma/sederajat,3,bapak,8.000.000 - 40.000.000,rumah,3.0,ya,kinestetic,tidak ada,luring,3.0,0,"instagram, twitter, tiktok",>10,"strategi, multiplayer",tidak mengikuti organisasi,tidak mengikuti kegiatan ukm,30-60,0,tidak bekerja
103121036,sistem informasi manajemen,laki-laki,2003,bersama anggota keluarga besar,sumatera utara,sipirok,3.12,3.4250002,3.34,b,a,c,22.0,1.0,tidak,seleksi rapot,sma/sman,negeri,90.0,sma/sederajat,sma/sederajat,3,bapak,4.000.000 - 8.000.000,rumah,4.0,tidak,reading,tidak ada,luring,3.0,0,facebook,5-10,petualangan,organisasi keagamaan,keagamaan,>120,10-20,berdagang/berjualan
103121059,sistem informasi manajemen,laki-laki,2003,kos,sumatera utara,medan,3.28,3.36,3.29,a,a,b+,24.0,0.0,tidak,utbk/snbp,sma/sman,swasta,88.0,sma/sederajat,sma/sederajat,2,ibu,4.000.000 - 8.000.000,rumah,4.0,ya,visual,"ruangguru, zenius",daring,2.0,1-3,"instagram, tiktok",1-3,"petualangan, teka-teki, olahraga",organisasi sosial,tidak mengikuti kegiatan ukm,<15,<10,magang/intern
103121056,sistem informasi manajemen,laki-laki,2002,bersama orang tua,dki jakarta,jakarta timur,3.57,3.67,3.34,b,a,a-,24.0,0.0,tidak,seleksi rapot,sma/sman,negeri,80.0,sma/sederajat,s2/sederajat,4,tidak ada / rahasia,2.000.000 - 4.000.000,rumah,3.0,tidak,reading,tidak ada,luring,3.0,1-3,instagram,3-5,"aksi, petualangan, strategi, multiplayer","organisasi masyarakat, organisasi sosial",kewirausahaan,30-60,0,tidak bekerja
103121070,sistem informasi manajemen,perempuan,2003,kos,sulawesi selatan,makassar,3.86,3.97,3.66,a,a,a,24.0,0.0,tidak,seleksi rapot,sma/sman,negeri,91.0,sma/sederajat,sma/sederajat,3,ibu,4.000.000 - 8.000.000,rumah,3.0,ya,visual,tidak ada,luring,4.0,4-10,"instagram, tiktok",1-3,teka-teki,"himpunan mahasiswa, organisasi keagamaan",keagamaan,15-30,0,tidak bekerja
103121094,sistem informasi manajemen,perempuan,2004,bersama orang tua,jawa barat,bekasi,3.32,3.58,3.14,c,a,b-,22.0,0.0,tidak,seleksi rapot,sma/sman,negeri,89.0,d1-d3,s1/sederajat,3,ibu,2.000.000 - 4.000.000,rumah,3.0,tidak,kinestetic,coursera,luring,3.0,0,instagram,5-10,multiplayer,tidak mengikuti organisasi,olahraga,60-120,0,tidak bekerja
103121028,sistem informasi manajemen,perempuan,2003,asrama,sulawesi selatan,bone,3.71,3.68,3.79,c+,a,a-,24.0,0.0,ya,beasiswa undangan,sma/sman,swasta,89.0,sd/sederajat,sd/sederajat,2,ibu,2.000.000 - 4.000.000,rumah,3.0,ya,reading,tidak ada,luring,4.0,1-3,instagram,3-5,strategi,organisasi sosial,keagamaan,30-60,0,tidak bekerja
103121054,sistem informasi manajemen,perempuan,2002,kos,jawa barat,kabupaten indramayu,3.6,3.74,3.45,b-,a,a-,60.0,0.0,tidak,seleksi rapot,sma/sman,negeri,89.0,s1/sederajat,s1/sederajat,4,tidak ada / rahasia,2.000.000 - 4.000.000,rumah,3.0,ya,kinestetic,tidak ada,luring,3.0,4-10,"instagram, twitter",1-3,"strategi, teka-teki",organisasi keahlian,penalaran dan keilmuan,15-30,0,tidak bekerja
103121003,sistem informasi manajemen,perempuan,2003,asrama,sulawesi selatan,kabupaten bone,3.21,3.21,3.21,a,a,c,22.0,0.0,ya,beasiswa undangan,sma/sman,swasta,82.5,s1/sederajat,s1/sederajat,1,"ibu, bapak",< 2.000.000,bersama anggota keluarga besar,4.0,ya,visual,tidak ada,luring,3.0,0,instagram,5-10,tidak bermain game,organisasi keagamaan,penalaran dan keilmuan,<15,0,tidak bekerja
103121084,sistem informasi manajemen,perempuan,2003,kos,dki jakarta,sma budhi warman 1,3.25,3.4250002,3.2,c,a,b,22.0,0.0,tidak,seleksi rapot,sma/sman,swasta,87.0,sma/sederajat,sma/sederajat,0,tidak ada / rahasia,< 2.000.000,rumah,4.0,ya,reading,tidak ada,daring,3.0,0,whatsapp,1-3,multiplayer,organisasi keahlian,photocinema,<15,0,tidak bekerja
103121083,sistem informasi manajemen,perempuan,2003,kos,kalimantan timur,balikpapan,3.4,3.35,3.34,a,a,a,22.0,0.0,tidak,seleksi rapot,sma/sman,swasta,89.0,sma/sederajat,s2/sederajat,3,bapak,8.000.000 - 40.000.000,rumah,3.0,ya,reading,ruangguru,luring,3.0,1-3,instagram,3-5,"aksi, strategi",organisasi masyarakat,keagamaan,<15,0,tidak bekerja
103121071,sistem informasi manajemen,laki-laki,2002,bersama orang tua,jawa tengah,pemalang,3.23,3.4250002,3.34,b,a,a,22.0,0.0,tidak,seleksi rapot,sma/sman,negeri,80.0,sd/sederajat,sd/sederajat,1,bapak,2.000.000 - 4.000.000,kontrakan,3.0,ya,reading,coursera,daring,2.0,1-3,instagram,3-5,multiplayer,himpunan mahasiswa,olahraga,30-60,<10,full-time
103121058,sistem informasi manajemen,laki-laki,2003,kos,dki jakarta,jakarta,2.15,3.4250002,3.34,c,a,e,20.0,2.0,tidak,seleksi rapot,sma/sman,swasta,80.0,s1/sederajat,d1-d3,2,tidak ada / rahasia,8.000.000 - 40.000.000,rumah,3.0,ya,reading,tidak ada,luring,2.0,0,instagram,3-5,olahraga,tidak mengikuti organisasi,tidak mengikuti kegiatan ukm,<15,<10,part-time
103121095,sistem informasi manajemen,perempuan,2002,kos,jawa barat,sma negeri 4 kota cirebon,3.27,3.28,3.23,a,a,a,22.0,0.0,ya,seleksi rapot,sma/sman,negeri,89.0,d1-d3,d1-d3,4,bapak,< 2.000.000,rumah,3.0,ya,kinestetic,tidak ada,daring,3.0,4-10,"instagram, facebook, twitter, tiktok",3-5,"aksi, petualangan, strategi, teka-teki, olahraga, multiplayer","himpunan mahasiswa, organisasi sosial","olahraga, penalaran dan keilmuan",<15,<10,magang/intern
103121031,sistem informasi manajemen,laki-laki,2002,bersama orang tua,jawa barat,bekasi,3.29,3.41,3.09,a,a,b+,22.0,1.0,tidak,seleksi rapot,ma/man,negeri,89.0,d1-d3,s1/sederajat,2,bapak,< 2.000.000,kontrakan,4.0,tidak,visual,tidak ada,luring,3.0,0,"instagram, tiktok",3-5,"aksi, strategi, olahraga",himpunan mahasiswa,tidak mengikuti kegiatan ukm,60-120,>45,part-time
103121055,sistem informasi manajemen,perempuan,2003,bersama orang tua,dki jakarta,jakarta barat,3.39,3.48,3.39,a,a,b,23.0,0.0,tidak,snmptn,ma/man,swasta,89.0,sma/sederajat,sma/sederajat,1,tidak ada / rahasia,4.000.000 - 8.000.000,rumah,3.0,tidak,aural,tidak ada,luring,4.0,0,whatsapp,3-5,teka-teki,tidak mengikuti organisasi,tidak mengikuti kegiatan ukm,15-30,0,tidak bekerja
103121053,sistem informasi manajemen,perempuan,2003,kos,sulawesi selatan,bantaeng ,3.3,3.4250002,3.34,a,a,a,22.0,0.0,tidak,ujian tes,sma/sman,negeri,89.0,s1/sederajat,sma/sederajat,1,tidak ada / rahasia,8.000.000 - 40.000.000,rumah,4.0,ya,aural,tidak ada,daring,3.0,1-3,instagram,5-10,strategi,organisasi keahlian,penalaran dan keilmuan,<15,0,tidak bekerja
103121043,sistem informasi manajemen,perempuan,2002,kos,jawa barat,cirebon,3.34,3.31,3.34,a,a,b+,23.0,0.0,tidak,seleksi rapot,sma/sman,negeri,89.0,smp/sederajat,smp/sederajat,3,bapak,2.000.000 - 4.000.000,rumah,4.0,tidak,aural,tidak ada,luring,3.0,0,"instagram, facebook, twitter, tiktok",3-5,"aksi, strategi, teka-teki",organisasi sosial,pecinta alam,<15,<10,freelance
103121080,sistem informasi manajemen,laki-laki,2003,bersama orang tua,dki jakarta,kota jakarta pusat,3.41,3.31,3.45,c+,a,b,22.0,1.0,tidak,utbk/snbp,sma/sman,negeri,89.0,sma/sederajat,sma/sederajat,3,kakak,8.000.000 - 40.000.000,rumah,4.0,ya,reading,tidak ada,luring,3.0,1-3,"instagram, twitter, tiktok",3-5,tidak bermain game,tidak mengikuti organisasi,kesenian,30-60,0,tidak bekerja
103121006,sistem informasi manajemen,perempuan,2003,kos,dki jakarta,sma 39 jakarta,3.17,3.4250002,3.34,c+,a,b+,22.0,0.0,tidak,seleksi rapot,sma/sman,negeri,80.0,s1/sederajat,sma/sederajat,1,ibu,8.000.000 - 40.000.000,rumah,4.0,ya,reading,"coursera, ruangguru",luring,3.0,0,"instagram, tiktok",5-10,petualangan,himpunan mahasiswa,penalaran dan keilmuan,<15,0,tidak bekerja
101121014,sains data dan pembelajaran mesin dalam geofisika,perempuan,2003,kos,jawa tengah,sman 1 kartasura ,3.82,3.88,3.81,a,a-,a,21.0,0.0,tidak,seleksi rapot,sma/sman,negeri,92.0,sma/sederajat,sma/sederajat,1,tidak ada / rahasia,4.000.000 - 8.000.000,rumah,2.0,ya,visual,tidak ada,luring,3.0,1-3,instagram,<1,"petualangan, teka-teki",himpunan mahasiswa,tidak mengikuti kegiatan ukm,15-30,0,tidak bekerja
101121004,sains data dan pembelajaran mesin dalam geofisika,perempuan,2003,bersama orang tua,jawa barat,kota depok,3.73,3.68,3.86,a,a-,b+,21.0,0.0,tidak,seleksi rapot,sma/sman,negeri,89.0,d1-d3,s1/sederajat,2,bapak,8.000.000 - 40.000.000,rumah,3.0,ya,kinestetic,tidak ada,luring,4.0,1-3,"instagram, twitter, tiktok",5-10,"petualangan, teka-teki",organisasi keahlian,kesenian,30-60,0,tidak bekerja
101121003,sains data dan pembelajaran mesin dalam geofisika,perempuan,2001,kos,sulawesi tengah,tolitoli,3.59,3.61,3.67,a,b+,a-,21.0,0.0,tidak,seleksi rapot,sma/sman,negeri,89.0,sma/sederajat,s2/sederajat,2,ibu,4.000.000 - 8.000.000,kontrakan,3.0,ya,visual,"ruangguru, zenius",luring,4.0,0,"instagram, twitter",1-3,tidak bermain game,himpunan mahasiswa,tidak mengikuti kegiatan ukm,<15,0,tidak bekerja
101121026,sains data dan pembelajaran mesin dalam geofisika,perempuan,2003,kos,papua barat,sma negeri 1 fakfak,3.18,3.4250002,3.34,a,b,b,21.0,0.0,tidak,seleksi rapot,sma/sman,negeri,93.0,sma/sederajat,s1/sederajat,2,bapak,4.000.000 - 8.000.000,rumah,2.0,ya,aural,english academy,daring,5.0,0,"instagram, facebook, twitter, tiktok",3-5,tidak bermain game,"himpunan mahasiswa, organisasi keahlian",olahraga,<15,<10,tidak bekerja
101121044,sains data dan pembelajaran mesin dalam geofisika,laki-laki,2003,bersama orang tua,jawa barat,depok,3.21,3.4250002,3.34,a,c,b,22.0,0.0,tidak,seleksi rapot,sma/sman,swasta,85.0,d1-d3,s1/sederajat,3,tidak ada / rahasia,8.000.000 - 40.000.000,rumah,4.0,ya,aural,tidak ada,daring,2.0,0,"instagram, facebook, twitter, tiktok",5-10,"aksi, strategi, multiplayer",himpunan mahasiswa,olahraga,15-30,>45,freelance
101121047,sains data dan pembelajaran mesin dalam geofisika,laki-laki,2003,apartemen,jawa timur,gresik,2.79,3.4250002,3.34,a,b,b,20.0,0.0,tidak,seleksi rapot,sma/sman,swasta,89.0,s1/sederajat,s1/sederajat,1,tidak ada / rahasia,8.000.000 - 40.000.000,rumah,1.0,ya,visual,tidak ada,daring,5.0,0,twitter,3-5,petualangan,himpunan mahasiswa,olahraga,15-30,<10,petani/pekebun
101121031,sains data dan pembelajaran mesin dalam geofisika,laki-laki,2002,kos,jawa barat,ciamis,3.49,3.48,3.53,a,b-,a-,21.0,0.0,tidak,seleksi rapot,sma/sman,negeri,98.0,sma/sederajat,sma/sederajat,3,ibu,8.000.000 - 40.000.000,rumah,3.0,ya,kinestetic,tidak ada,luring,3.0,0,instagram,1-3,"aksi, petualangan, strategi",himpunan mahasiswa,tidak mengikuti kegiatan ukm,30-60,0,tidak bekerja
101121011,sains data dan pembelajaran mesin dalam geofisika,perempuan,2003,kos,kalimantan timur,balikpapan,3.67,3.39,3.75,a,a,a-,23.0,0.0,tidak,seleksi rapot,sma/sman,swasta,99.0,s1/sederajat,s2/sederajat,2,bapak,> 40.000.000,rumah,3.0,tidak,kinestetic,tidak ada,luring,2.0,0,instagram,>10,tidak bermain game,tidak mengikuti organisasi,tidak mengikuti kegiatan ukm,<15,0,tidak bekerja
101121049,sains data dan pembelajaran mesin dalam geofisika,laki-laki,2003,bersama orang tua,jawa barat,bogor,2.91,2.89,2.68,a,b-,b,20.0,0.0,tidak,utbk/snbp,sma/sman,negeri,87.0,sma/sederajat,sma/sederajat,1,bapak,4.000.000 - 8.000.000,rumah,3.0,tidak,aural,tidak ada,luring,3.0,1-3,instagram,5-10,"olahraga, multiplayer",himpunan mahasiswa,olahraga,60-120,<10,berdagang/berjualan
101121033,sains data dan pembelajaran mesin dalam geofisika,perempuan,2003,kos,sulawesi tenggara,muna barat,3.49,3.44,3.65,a,b+,b+,21.0,0.0,tidak,seleksi rapot,sma/sman,negeri,88.0,s1/sederajat,s1/sederajat,4,kakak,2.000.000 - 4.000.000,rumah,2.0,ya,visual,tidak ada,luring,4.0,0,tiktok,1-3,teka-teki,himpunan mahasiswa,olahraga,<15,0,tidak bekerja
101121032,sains data dan pembelajaran mesin dalam geofisika,laki-laki,2003,kos,dki jakarta,jakarta timur,3.72,3.74,3.62,a,a-,a-,21.0,0.0,tidak,seleksi rapot,sma/sman,negeri,93.0,sma/sederajat,s2/sederajat,3,ibu,8.000.000 - 40.000.000,rumah,3.0,ya,visual,revou,luring,3.0,0,"instagram, twitter, tiktok",3-5,"strategi, teka-teki, olahraga, multiplayer","himpunan mahasiswa, organisasi keahlian","penalaran dan keilmuan, olahraga",15-30,20-45,part-time
101121021,sains data dan pembelajaran mesin dalam geofisika,laki-laki,2003,asrama,sulawesi tengah,kota palu,3.73,3.69,3.79,a,a-,a-,21.0,0.0,ya,beasiswa undangan,ma/man,negeri,89.0,sma/sederajat,s1/sederajat,1,tidak ada / rahasia,< 2.000.000,bersama anggota keluarga besar,3.0,ya,aural,tidak ada,luring,3.0,1-3,"instagram, twitter, tiktok",3-5,tidak bermain game,organisasi keahlianorganisasi keprofesian,tidak mengikuti kegiatan ukm,15-30,<10,freelance
101121046,sains data dan pembelajaran mesin dalam geofisika,perempuan,2003,kos,kalimantan timur,balikpapan,3.94,3.95,3.96,a,a,a,23.0,0.0,ya,seleksi rapot,sma/sman,swasta,90.0,sma/sederajat,s1/sederajat,1,tidak ada / rahasia,8.000.000 - 40.000.000,rumah,2.0,ya,reading,tidak ada,luring,2.0,0,"instagram, tiktok",3-5,tidak bermain game,tidak mengikuti organisasi,tidak mengikuti kegiatan ukm,<15,0,tidak bekerja
101121029,sains data dan pembelajaran mesin dalam geofisika,perempuan,2003,bersama orang tua,jawa barat,kota depok,3.76,3.72,3.34,a,a,a-,21.0,0.0,tidak,ujian tes,sma/sman,swasta,97.0,sma/sederajat,sma/sederajat,1,tidak ada / rahasia,8.000.000 - 40.000.000,rumah,3.0,tidak,visual,tidak ada,luring,4.0,1-3,"instagram, twitter",1-3,"aksi, petualangan, strategi, teka-teki",himpunan mahasiswa,"kesenian, penalaran dan keilmuan",<15,0,tidak bekerja
101121043,sains data dan pembelajaran mesin dalam geofisika,laki-laki,2003,bersama orang tua,jawa barat,kabupaten bogor,2.89,3.4250002,2.87,a,c,b,20.0,0.0,tidak,seleksi rapot,sma/sman,negeri,89.0,sma/sederajat,sma/sederajat,3,tidak ada / rahasia,8.000.000 - 40.000.000,rumah,2.0,tidak,visual,tidak ada,luring,2.0,1-3,"instagram, tiktok",3-5,olahraga,tidak mengikuti organisasi,tidak mengikuti kegiatan ukm,60-120,10-20,berdagang/berjualan
101121025,sains data dan pembelajaran mesin dalam geofisika,laki-laki,2003,bersama orang tua,dki jakarta,jakarta,2.38,3.4250002,2.64,a,c,b,22.0,1.0,tidak,seleksi rapot,smk/smkn,swasta,80.0,sma/sederajat,sma/sederajat,0,tidak ada / rahasia,4.000.000 - 8.000.000,rumah,2.0,ya,aural,tidak ada,luring,2.0,1-3,instagram,1-3,"aksi, strategi, olahraga",himpunan mahasiswa,olahraga,30-60,0,tidak bekerja
101121030,sains data dan pembelajaran mesin dalam geofisika,laki-laki,2004,kos,sulawesi utara,kota tomohon,3.06,2.91,3.34,a,c+,b+,23.0,0.0,tidak,utbk/snbp,sma/sman,swasta,89.0,s1/sederajat,s1/sederajat,2,bapak,4.000.000 - 8.000.000,rumah,3.0,ya,reading,tidak ada,luring,1.0,0,"instagram, facebook, tiktok",5-10,"aksi, multiplayer",himpunan mahasiswa,olahraga,15-30,0,tidak bekerja
101121042,sains data dan pembelajaran mesin dalam geofisika,laki-laki,2004,kos,sumatera utara,kota medan,3.3249998,3.4250002,3.34,a,b+,a,17.0,2.0,tidak,seleksi rapot,sma/sman,swasta,93.0,s1/sederajat,s1/sederajat,4,bapak,8.000.000 - 40.000.000,rumah,2.0,ya,reading,tidak ada,daring,5.0,1-3,"instagram, tiktok",>10,olahraga,organisasi masyarakat,olahraga,15-30,0,tidak bekerja
101121037,sains data dan pembelajaran mesin dalam geofisika,laki-laki,2003,kontrakan,sulawesi selatan,luwu timur,2.63,2.71,2.63,a,c,b-,20.0,0.0,tidak,seleksi rapot,sma/sman,negeri,89.0,sma/sederajat,s1/sederajat,1,tidak ada / rahasia,8.000.000 - 40.000.000,rumah,2.0,ya,aural,tidak ada,daring,2.0,0,tidak menggunakan sosial media,0,teka-teki,himpunan mahasiswa,olahraga,15-30,0,tidak bekerja
101121034,sains data dan pembelajaran mesin dalam geofisika,perempuan,2004,kos,jawa timur,mojokerto,3.67,3.46,3.78,a,b+,b+,21.0,0.0,tidak,seleksi rapot,ma/man,swasta,97.0,d1-d3,sma/sederajat,1,"bapak, ibu",4.000.000 - 8.000.000,rumah,3.0,ya,visual,tidak ada,luring,5.0,4-10,"instagram, twitter, tiktok",3-5,teka-teki,himpunan mahasiswa,penalaran dan keilmuan,<15,<10,magang/intern
101121012,sains data dan pembelajaran mesin dalam geofisika,perempuan,2002,kos,dki jakarta,jakarta utara,3.58,3.4250002,3.34,a,b,a-,22.0,0.0,tidak,seleksi rapot,sma/sman,negeri,82.0,s1/sederajat,s1/sederajat,2,tidak ada / rahasia,8.000.000 - 40.000.000,rumah,3.0,ya,aural,tidak ada,luring,2.0,1-3,"twitter, tiktok",1-3,"petualangan, teka-teki",himpunan mahasiswa,tidak mengikuti kegiatan ukm,<15,0,tidak bekerja
101121022,sains data dan pembelajaran mesin dalam geofisika,perempuan,2003,kos,jawa timur,malang,3.8,3.8,3.8,a,a,b+,80.0,0.0,ya,jalur undangan,sma/sman,negeri,89.0,sma/sederajat,sma/sederajat,1,kakak,8.000.000 - 40.000.000,rumah,3.0,ya,visual,ruangguru,luring,4.0,1-3,instagram,3-5,teka-teki,"himpunan mahasiswa, organisasi sosial",kesenian,15-30,0,tidak bekerja
101121007,sains data dan pembelajaran mesin dalam geofisika,perempuan,2003,kos,riau,pekanbaru,1.79,3.4250002,3.34,a,c,b,20.0,1.0,tidak,seleksi rapot,sma/sman,negeri,86.0,sma/sederajat,sma/sederajat,3,bapak,8.000.000 - 40.000.000,rumah,3.0,ya,reading,"ruangguru, zenius",luring,1.0,0,"instagram, tiktok",1-3,tidak bermain game,himpunan mahasiswa,tidak mengikuti kegiatan ukm,15-30,<10,magang/intern
101121027,sains data dan pembelajaran mesin dalam geofisika,perempuan,2003,kos,maluku utara,sman 1 kota ternate,3.43,3.44,3.7,a,c+,b,21.0,0.0,tidak,seleksi rapot,sma/sman,negeri,93.0,sma/sederajat,s1/sederajat,3,bapak,8.000.000 - 40.000.000,rumah,3.0,ya,visual,tidak ada,luring,4.0,0,"instagram, twitter, tiktok",1-3,"petualangan, strategi","himpunan mahasiswa, organisasi keahlian",tidak mengikuti kegiatan ukm,15-30,0,tidak bekerja
101121009,sains data dan pembelajaran mesin dalam geofisika,perempuan,2003,kos,jawa timur,trenggalek,3.68,3.73,3.78,a,b-,a,21.0,0.0,tidak,seleksi rapot,ma/man,negeri,89.0,sma/sederajat,sma/sederajat,2,bapak,4.000.000 - 8.000.000,rumah,1.0,tidak,kinestetic,"coursera, zenius",luring,3.0,0,"instagram, twitter, tiktok",5-10,tidak bermain game,himpunan mahasiswa,kesenian,<15,0,tidak bekerja
101121018,sains data dan pembelajaran mesin dalam geofisika,perempuan,2002,kos,jawa timur,banyuwangi,3.89,3.93,3.88,a,a,a,21.0,0.0,ya,seleksi rapot,sma/sman,negeri,90.0,sma/sederajat,sma/sederajat,0,ibu,8.000.000 - 40.000.000,rumah,2.0,ya,visual,dicoding,luring,4.0,1-3,"instagram, tiktok",3-5,tidak bermain game,himpunan mahasiswa,tidak mengikuti kegiatan ukm,<15,<10,tidak bekerja
101121016,sains data dan pembelajaran mesin dalam geofisika,perempuan,2003,kos,jawa timur,krian-kabupaten sidoarjo,3.75,3.88,3.76,a,a,b+,21.0,0.0,tidak,seleksi rapot,sma/sman,swasta,92.0,sma/sederajat,sd/sederajat,4,tidak ada / rahasia,4.000.000 - 8.000.000,rumah,3.0,ya,reading,tidak ada,daring,3.0,1-3,instagram,5-10,tidak bermain game,himpunan mahasiswa,tidak mengikuti kegiatan ukm,<15,0,tidak bekerja
101121039,sains data dan pembelajaran mesin dalam geofisika,laki-laki,2003,kos,jawa tengah,purwokerto,3.28,3.29,3.36,a,a,a,22.0,0.0,tidak,seleksi rapot,sma/sman,negeri,89.0,sma/sederajat,sma/sederajat,1,ibu,4.000.000 - 8.000.000,rumah,3.0,ya,aural,tidak ada,daring,3.0,0,instagram,3-5,multiplayer,himpunan mahasiswa,tidak mengikuti kegiatan ukm,15-30,10-20,freelance
101121035,sains data dan pembelajaran mesin dalam geofisika,laki-laki,2003,bersama orang tua,jawa barat,bekasi,3.21,3.24,3.34,a,c+,a,22.0,0.0,tidak,seleksi rapot,sma/sman,negeri,88.0,s1/sederajat,s1/sederajat,1,bapak,8.000.000 - 40.000.000,rumah,3.0,ya,visual,tidak ada,daring,3.0,0,"instagram, twitter, tiktok",3-5,"aksi, petualangan, strategi, teka-teki, multiplayer",himpunan mahasiswa,tidak mengikuti kegiatan ukm,60-120,<10,part-time
101121028,sains data dan pembelajaran mesin dalam geofisika,laki-laki,2001,bersama orang tua,jawa barat,kab.bogor,3.0,3.19,3.1,a,c,b+,20.0,0.0,tidak,ujian tes,sma/sman,negeri,85.0,sma/sederajat,s1/sederajat,3,bapak,8.000.000 - 40.000.000,rumah,2.0,ya,reading,tidak ada,luring,3.0,0,"instagram, tiktok",5-10,"petualangan, teka-teki",himpunan mahasiswa,olahraga,15-30,<10,part-time
101121002,sains data dan pembelajaran mesin dalam geofisika,perempuan,2002,kos,jawa timur,tulungagung,3.65,3.9,3.57,a,b,a,21.0,0.0,tidak,seleksi rapot,sma/sman,negeri,89.0,s1/sederajat,s1/sederajat,0,ibu,4.000.000 - 8.000.000,rumah,1.0,ya,reading,tidak ada,luring,3.0,0,instagram,5-10,tidak bermain game,"himpunan mahasiswa, organisasi keahlian",kesenian,<15,0,tidak bekerja
101121019,sains data dan pembelajaran mesin dalam geofisika,perempuan,2003,bersama orang tua,dki jakarta,dki jakarta ,3.52,3.36,3.38,a,b-,a-,21.0,0.0,tidak,seleksi rapot,smk/smkn,swasta,89.0,sma/sederajat,s1/sederajat,0,tidak ada / rahasia,8.000.000 - 40.000.000,rumah,4.0,ya,aural,tidak ada,luring,4.0,1-3,"twitter, tiktok",5-10,petualangan,organisasi keprofesian,olahraga,60-120,0,tidak bekerja
101121001,sains data dan pembelajaran mesin dalam geofisika,perempuan,2003,bersama orang tua,jawa barat,kota depok,3.65,3.4250002,3.68,a,b,b+,21.0,0.0,tidak,seleksi rapot,sma/sman,negeri,89.0,sma/sederajat,sma/sederajat,2,tidak ada / rahasia,4.000.000 - 8.000.000,rumah dinas,3.0,ya,aural,tidak ada,luring,3.0,0,twitter,5-10,aksi,himpunan mahasiswa,tidak mengikuti kegiatan ukm,60-120,<10,part-time
101121008,sains data dan pembelajaran mesin dalam geofisika,perempuan,2003,bersama orang tua,jawa barat,depok,3.74,3.66,3.9,a,b+,a-,23.0,0.0,tidak,seleksi rapot,sma/sman,negeri,89.0,s1/sederajat,s1/sederajat,2,tidak ada / rahasia,8.000.000 - 40.000.000,rumah,1.0,ya,reading,tidak ada,luring,2.0,0,"instagram, twitter",3-5,"aksi, petualangan, strategi, multiplayer",himpunan mahasiswa,tidak mengikuti kegiatan ukm,60-120,<10,freelance
101121048,sains data dan pembelajaran mesin dalam geofisika,perempuan,2003,kos,jawa tengah,purbalingga,3.42,3.19,3.67,a,c,a,22.0,0.0,tidak,seleksi rapot,sma/sman,negeri,90.0,sma/sederajat,sma/sederajat,1,tidak ada / rahasia,4.000.000 - 8.000.000,rumah,2.0,ya,reading,"coursera, udemy, sololearn, ruangguru, zenius",luring,4.0,1-3,"instagram, twitter",3-5,olahraga,"himpunan mahasiswa, organisasi sosial",olahraga,<15,<10,berdagang/berjualan
101121024,sains data dan pembelajaran mesin dalam geofisika,laki-laki,2003,kos,papua barat daya,sorong,3.83,3.66,3.97,a,a,b,80.0,0.0,ya,seleksi rapot,ma/man,negeri,96.0,sma/sederajat,smp/sederajat,3,bapak,< 2.000.000,rumah,4.0,ya,visual,tidak ada,luring,5.0,1-3,"instagram, facebook",5-10,teka-teki,himpunan mahasiswa,penalaran dan keilmuan,15-30,10-20,magang/intern
101121041,sains data dan pembelajaran mesin dalam geofisika,laki-laki,2003,kos,sumatera utara,tapanuli selatan ,3.7,3.63,3.8,a,a-,a-,21.0,0.0,tidak,beasiswa aperti bumn,ma/man,negeri,95.0,sma/sederajat,sma/sederajat,>4,bapak,4.000.000 - 8.000.000,rumah,2.0,tidak,aural,tidak ada,luring,3.0,1-3,"instagram, tiktok",5-10,olahraga,"himpunan mahasiswa, organisasi keagamaan, organisasi sosial",keagamaan,<15,0,tidak bekerja
101121040,sains data dan pembelajaran mesin dalam geofisika,laki-laki,2003,bersama orang tua,jawa barat,bogor,3.38,3.56,3.28,a,c+,a,22.0,0.0,tidak,seleksi rapot,sma/sman,swasta,89.0,sma/sederajat,sma/sederajat,1,bapak,4.000.000 - 8.000.000,rumah,3.0,ya,reading,tidak ada,luring,3.0,1-3,instagram,3-5,"strategi, olahraga",himpunan mahasiswa,tidak mengikuti kegiatan ukm,60-120,0,tidak bekerja
101121050,sains data dan pembelajaran mesin dalam geofisika,laki-laki,2003,kos,riau,duri,3.88,3.9,3.84,a,a,a,21.0,0.0,tidak,seleksi rapot,sma/sman,negeri,90.0,s1/sederajat,s1/sederajat,3,bapak,4.000.000 - 8.000.000,rumah,4.0,tidak,reading,tidak ada,luring,4.0,1-3,facebook,1-3,strategi,"himpunan mahasiswa, organisasi keagamaan","penalaran dan keilmuan, keagamaan",<15,0,tidak bekerja
101119060,sains data dan pembelajaran mesin dalam geofisika,laki-laki,2001,kos,sumatera utara,sibolga,2.94,3.4250002,3.34,a,b-,c+,14.0,0.0,tidak,utbk/snbp,sma/sman,negeri,89.0,s1/sederajat,sma/sederajat,>4,ibu,2.000.000 - 4.000.000,rumah,3.0,ya,aural,tidak ada,luring,5.0,0,instagram,3-5,multiplayer,himpunan mahasiswa,olahraga,<15,0,tidak bekerja
101121013,sains data dan pembelajaran mesin dalam geofisika,perempuan,2002,kos,jawa barat,kota bandung,3.7,3.4250002,3.8,a,a-,b+,21.0,0.0,tidak,utbk/snbp,sma/sman,swasta,89.0,d1-d3,s2/sederajat,2,tidak ada / rahasia,8.000.000 - 40.000.000,rumah,3.0,ya,visual,tidak ada,luring,3.0,0,instagram,1-3,tidak bermain game,himpunan mahasiswa,tidak mengikuti kegiatan ukm,<15,0,tidak bekerja
105220045,praktikum pembelajaran mesin prodi ilmu komputer,laki-laki,2002,kos,kalimantan timur,samarinda,3.33,3.5,3.33,a,b-,a,24.0,0.0,ya,beasiswa undangan,sma/sman,negeri,89.0,s1/sederajat,s1/sederajat,0,paman,2.000.000 - 4.000.000,rumah,4.0,ya,visual,udemy,daring,3.0,1-3,"instagram, tiktok",3-5,"aksi, strategi, multiplayer",himpunan mahasiswa,olahraga,<15,10-20,magang/intern
105219043,praktikum pembelajaran mesin prodi ilmu komputer,perempuan,2000,bersama orang tua,dki jakarta,jakarta selatan,3.65,3.79,3.58,a,a,b+,17.0,0.0,tidak,utbk/snbp,sma/sman,negeri,89.0,d1-d3,sma/sederajat,2,tidak ada / rahasia,2.000.000 - 4.000.000,bersama anggota keluarga besar,4.0,tidak,visual,tidak ada,luring,3.0,1-3,"instagram, twitter",5-10,"strategi, teka-teki",himpunan mahasiswa,tidak mengikuti kegiatan ukm,>120,<10,magang/intern
105220044,praktikum pembelajaran mesin prodi ilmu komputer,laki-laki,2001,bersama orang tua,dki jakarta,jakarta barat,2.73,3.4250002,3.11,a,b,b+,22.0,0.0,tidak,utbk/snbp,smk/smkn,swasta,89.0,sma/sederajat,sma/sederajat,1,tidak ada / rahasia,4.000.000 - 8.000.000,rumah,3.0,ya,aural,tidak ada,luring,3.0,1-3,"facebook, whatsapp, youtube",>10,"aksi, petualangan, strategi, teka-teki, olahraga, multiplayer","himpunan mahasiswa, organisasi keahlian",olahraga,30-60,<10,berdagang/berjualan
105220028,praktikum pembelajaran mesin prodi ilmu komputer,laki-laki,2001,bersama orang tua,jawa barat,subang,2.89,2.89,2.68,a,b-,b+,20.0,3.0,tidak,seleksi rapot,sma/sman,negeri,89.0,s1/sederajat,d1-d3,2,ibu,8.000.000 - 40.000.000,rumah,3.0,tidak,visual,tidak ada,daring,1.0,0,facebook,1-3,"aksi, petualangan, strategi, teka-teki, multiplayer","himpunan mahasiswa, organisasi sosial",olahraga,30-60,0,tidak bekerja
105220049,praktikum pembelajaran mesin prodi ilmu komputer,perempuan,2002,kos,jawa barat,bogor,3.1,3.1,2.9,a,b+,b+,22.0,0.0,tidak,utbk/snbp,ma/man,negeri,93.0,s1/sederajat,sma/sederajat,1,"ibu, bapak",8.000.000 - 40.000.000,rumah,3.0,ya,kinestetic,tidak ada,luring,3.0,0,tidak menggunakan sosial media,0,teka-teki,tidak mengikuti organisasi,tidak mengikuti kegiatan ukm,<15,0,tidak bekerja
105220036,praktikum pembelajaran mesin prodi ilmu komputer,perempuan,2003,kos,sumatera utara,medan,3.01,3.4250002,3.34,a,b,b,22.0,1.0,tidak,seleksi rapot,sma/sman,negeri,95.0,sma/sederajat,sma/sederajat,4,ibu,2.000.000 - 4.000.000,rumah,3.0,ya,visual,youtube,luring,3.0,1-3,"instagram, twitter",1-3,"aksi, teka-teki, multiplayer",organisasi keagamaan,keagamaan,15-30,0,tidak bekerja
105220038,praktikum pembelajaran mesin prodi ilmu komputer,laki-laki,2001,bersama orang tua,jawa barat,bekasi,2.7,2.3,2.1,a,c,b+,19.0,0.0,tidak,seleksi rapot,sma/sman,negeri,83.0,d1-d3,s1/sederajat,1,ibu,< 2.000.000,rumah,3.0,ya,visual,tidak ada,luring,3.0,1-3,tidak menggunakan sosial media,0,"aksi, strategi, teka-teki",tidak mengikuti organisasi,olahraga,60-120,10-20,part-time
105220007,praktikum pembelajaran mesin prodi ilmu komputer,laki-laki,2001,kos,bali,denpasar,3.3,3.4250002,2.9,a,b,a,100.0,0.0,tidak,ujian tes,sma/sman,swasta,79.0,s1/sederajat,s1/sederajat,1,bapak,8.000.000 - 40.000.000,rumah,3.0,ya,visual,"udemy, myskill",luring,3.0,0,tiktok,3-5,"olahraga, multiplayer",tidak mengikuti organisasi,penalaran dan keilmuan,<15,0,tidak bekerja
105220040,praktikum pembelajaran mesin prodi ilmu komputer,laki-laki,2001,bersama orang tua,dki jakarta,sman 27 jakarta,3.59,3.59,3.34,a,a,b,131.0,0.0,tidak,seleksi rapot,sma/sman,negeri,96.0,s1/sederajat,s1/sederajat,1,kakak,< 2.000.000,rumah,2.0,ya,reading,"hackerrank, sanbercode",daring,2.0,1-3,"instagram, facebook, twitter, tiktok",1-3,"strategi, teka-teki, multiplayer",tidak mengikuti organisasi,tidak mengikuti kegiatan ukm,60-120,0,tidak bekerja
105220030,praktikum pembelajaran mesin prodi ilmu komputer,perempuan,2002,kos,jambi,kota jambi,3.22,3.27,3.16,a,a-,b+,22.0,0.0,ya,ujian tes,ma/man,negeri,92.0,sma/sederajat,sma/sederajat,1,tidak ada / rahasia,< 2.000.000,rumah,3.0,ya,kinestetic,"coursera, udemy, dicoding",daring,4.0,4-10,"instagram, twitter",3-5,"aksi, petualangan, strategi, teka-teki, multiplayer",tidak mengikuti organisasi,tidak mengikuti kegiatan ukm,<15,10-20,"part-time, magang/intern, freelance"
105220024,praktikum pembelajaran mesin prodi ilmu komputer,laki-laki,2002,kos,jawa barat,man 2 kota bekasi,2.85,2.8,3.34,a,c+,b,19.0,0.0,ya,ujian tes,ma/man,negeri,90.0,d4/sarjana terapan,s1/sederajat,2,tidak ada / rahasia,< 2.000.000,rumah,4.0,tidak,visual,tidak ada,daring,5.0,4-10,"instagram, whatsapp",>10,"teka-teki, olahraga, multiplayer, strategi, petualangan, shooting, aksi","himpunan mahasiswa, organisasi sosial",penalaran dan keilmuan,>120,0,tidak bekerja
105219035,praktikum pembelajaran mesin prodi ilmu komputer,laki-laki,2001,kos,sumatera utara,medan,2.73,2.83,3.19,a,c,b,16.0,6.0,tidak,ujian tes,sma/sman,swasta,85.0,s1/sederajat,s1/sederajat,1,bapak,8.000.000 - 40.000.000,rumah,3.0,ya,aural,"coursera, dicoding",luring,3.0,1-3,"instagram, twitter",1-3,aksi,tidak mengikuti organisasi,olahraga,15-30,0,tidak bekerja
105220009,praktikum pembelajaran mesin prodi ilmu komputer,perempuan,2002,kos,riau,pekanbaru,3.64,3.7,3.47,a,a,a,22.0,0.0,tidak,seleksi rapot,sma/sman,swasta,90.0,d1-d3,s1/sederajat,3,bapak,8.000.000 - 40.000.000,rumah,2.0,ya,aural,tidak ada,daring,3.0,0,instagram,3-5,tidak bermain game,"himpunan mahasiswa, organisasi keagamaan",keagamaan,<15,0,tidak bekerja
105220006,praktikum pembelajaran mesin prodi ilmu komputer,laki-laki,2002,bersama orang tua,jawa barat,sman 5 tambun selatan,3.12,3.16,2.96,a,b,b+,20.0,0.0,tidak,ujian tes,sma/sman,negeri,89.0,sma/sederajat,s1/sederajat,1,ibu,2.000.000 - 4.000.000,rumah,4.0,tidak,aural,tidak ada,luring,3.0,0,"instagram, twitter",3-5,"aksi, strategi, multiplayer",himpunan mahasiswa,tidak mengikuti kegiatan ukm,>120,<10,freelance
105220001,praktikum pembelajaran mesin prodi ilmu komputer,perempuan,2002,kos,jawa timur,banyuwangi ,3.75,3.83,3.75,a,a,a-,22.0,0.0,ya,ujian tes,sma/sman,negeri,85.0,d4/sarjana terapan,s1/sederajat,2,ibu,4.000.000 - 8.000.000,rumah,2.0,ya,aural,tidak ada,luring,2.0,0,instagram,3-5,teka-teki,himpunan mahasiswa,tidak mengikuti kegiatan ukm,<15,<10,asisten kuliah
105220005,praktikum pembelajaran mesin prodi ilmu komputer,laki-laki,2002,kos,sumatera barat,solok selatan,3.77,3.87,3.91,a,a,a,23.0,0.0,ya,ujian tes,sma/sman,negeri,89.0,s1/sederajat,s1/sederajat,2,tidak ada / rahasia,< 2.000.000,rumah,3.0,ya,visual,tidak ada,daring,5.0,4-10,tidak menggunakan sosial media,0,tidak bermain game,tidak mengikuti organisasi,tidak mengikuti kegiatan ukm,<15,0,tidak bekerja
105220031,praktikum pembelajaran mesin prodi ilmu komputer,laki-laki,2001,bersama orang tua,dki jakarta,jakarta timur,2.67,2.41,2.98,a,c,a-,22.0,0.0,tidak,seleksi rapot,sma/sman,swasta,82.0,sma/sederajat,s1/sederajat,3,"ibu, bapak",8.000.000 - 40.000.000,rumah,4.0,ya,visual,tidak ada,daring,4.0,1-3,"instagram, facebook, twitter, tiktok",1-3,"aksi, petualangan, multiplayer",himpunan mahasiswa,tidak mengikuti kegiatan ukm,60-120,0,tidak bekerja
105220025,praktikum pembelajaran mesin prodi ilmu komputer,laki-laki,2001,bersama orang tua,jawa timur,malang,3.38,3.4250002,3.25,a,a,a,20.0,0.0,tidak,seleksi rapot,sma/sman,swasta,89.0,sma/sederajat,sma/sederajat,0,ibu,8.000.000 - 40.000.000,rumah,4.0,ya,visual,ruangguru,luring,3.0,1-3,"instagram, facebook",3-5,"aksi, petualangan, multiplayer",tidak mengikuti organisasi,olahraga,30-60,0,tidak bekerja
105220035,praktikum pembelajaran mesin prodi ilmu komputer,laki-laki,2003,bersama orang tua,dki jakarta,jakarta selatan,3.1,2.97,2.77,a,a,b,20.0,0.0,tidak,seleksi rapot,sma/sman,negeri,89.0,d4/sarjana terapan,sma/sederajat,1,ibu,8.000.000 - 40.000.000,rumah,3.0,tidak,visual,tidak ada,luring,1.0,1-3,"instagram, tiktok",3-5,multiplayer,tidak mengikuti organisasi,tidak mengikuti kegiatan ukm,15-30,0,tidak bekerja
105220022,praktikum pembelajaran mesin prodi ilmu komputer,laki-laki,2002,bersama orang tua,jawa barat,kota bekasi,3.34,3.41,3.34,a,a,b+,20.0,0.0,tidak,seleksi rapot,smk/smkn,negeri,90.0,sma/sederajat,sma/sederajat,2,tidak ada / rahasia,8.000.000 - 40.000.000,rumah,2.0,ya,aural,youtube,luring,3.0,1-3,instagram,1-3,multiplayer,himpunan mahasiswa,tidak mengikuti kegiatan ukm,60-120,<10,magang/intern
105220052,praktikum pembelajaran mesin prodi ilmu komputer,laki-laki,2001,bersama orang tua,dki jakarta,jakarta utara,2.44,1.71,2.27,a,c+,b,20.0,4.0,tidak,seleksi rapot,sma/sman,negeri,79.0,sma/sederajat,d1-d3,2,tidak ada / rahasia,4.000.000 - 8.000.000,rumah,3.0,ya,aural,"dicoding, alterra, revou",daring,2.0,1-3,instagram,1-3,"strategi, olahraga, multiplayer",tidak mengikuti organisasi,olahraga,30-60,>45,part-time
105219061,praktikum pembelajaran mesin prodi ilmu komputer,laki-laki,2001,bersama orang tua,banten,tangerang selatan,2.7,2.11,2.88,a,a-,a-,19.0,4.0,tidak,utbk/snbp,ma/man,negeri,90.0,s1/sederajat,s1/sederajat,1,bapak,> 40.000.000,rumah,3.0,ya,visual,tidak ada,luring,3.0,0,tidak menggunakan sosial media,0,"aksi, petualangan, teka-teki",himpunan mahasiswa,olahraga,30-60,0,tidak bekerja
105219057,praktikum pembelajaran mesin prodi ilmu komputer,laki-laki,2000,bersama orang tua,dki jakarta,jakarta selatan,3.3,3.25,3.28,a,b,a,21.0,1.0,tidak,ujian tes,sma/sman,negeri,86.0,d1-d3,s1/sederajat,1,tidak ada / rahasia,8.000.000 - 40.000.000,rumah,3.0,ya,visual,"udemy, dicoding, sanbercode",daring,3.0,0,"instagram, twitter",1-3,"aksi, petualangan, strategi, olahraga, multiplayer",himpunan mahasiswa,tidak mengikuti kegiatan ukm,15-30,0,tidak bekerja
105220039,praktikum pembelajaran mesin prodi ilmu komputer,perempuan,2002,kos,banten,tangerang kota,3.37,3.54,3.13,a,a-,a,24.0,0.0,tidak,seleksi rapot,sma/sman,negeri,94.0,d1-d3,d1-d3,1,ibu,8.000.000 - 40.000.000,rumah,4.0,ya,visual,"udemy, dicoding, sanbercode",luring,2.0,1-3,"instagram, twitter",1-3,"aksi, petualangan, strategi, teka-teki, multiplayer",himpunan mahasiswa,tidak mengikuti kegiatan ukm,<15,10-20,freelance
105220051,praktikum pembelajaran mesin prodi ilmu komputer,laki-laki,2002,bersama orang tua,banten,serang,2.84,2.49,2.7,a,a-,a-,20.0,1.0,tidak,utbk/snbp,sma/sman,negeri,90.0,d4/sarjana terapan,s2/sederajat,1,bapak,4.000.000 - 8.000.000,rumah,3.0,ya,visual,"coursera, dicoding, sanbercode, ruangguru",daring,3.0,1-3,"instagram, facebook",3-5,"aksi, strategi, olahraga",himpunan mahasiswa,tidak mengikuti kegiatan ukm,15-30,0,tidak bekerja
105220027,praktikum pembelajaran mesin prodi ilmu komputer,laki-laki,2000,kos,jawa timur,malang,2.73,3.4250002,3.34,a,c,b,20.0,0.0,tidak,seleksi rapot,smk/smkn,negeri,80.0,sma/sederajat,tidak tau,2,bapak,8.000.000 - 40.000.000,rumah,3.0,ya,aural,tidak ada,daring,4.0,4-10,"instagram, facebook",<1,"strategi, multiplayer",himpunan mahasiswa,olahraga,30-60,10-20,magang/intern
105218004,praktikum pembelajaran mesin prodi ilmu komputer,laki-laki,2000,kos,nusa tenggara barat,kota praya,2.4,3.4250002,3.34,a,b,a,13.0,4.0,tidak,snmptn,sma/sman,negeri,95.0,sd/sederajat,d4/sarjana terapan,>4,ibu,< 2.000.000,rumah,3.0,ya,reading,tidak ada,luring,4.0,1-3,instagram,1-3,"aksi, petualangan, teka-teki, multiplayer",tidak mengikuti organisasi,tidak mengikuti kegiatan ukm,15-30,<10,magang/intern
105220003,praktikum pembelajaran mesin prodi ilmu komputer,laki-laki,2002,kontrakan,banten,kotatangerang,2.6,2.6,2.6,a,c+,a-,20.0,0.0,tidak,ujian tes,sma/sman,negeri,70.0,s2/sederajat,sma/sederajat,1,tidak ada / rahasia,8.000.000 - 40.000.000,rumah,3.0,ya,aural,sanbercode,luring,3.0,0,tiktok,1-3,multiplayer,himpunan mahasiswa,kesenian,15-30,<10,magang/intern
105220004,praktikum pembelajaran mesin prodi ilmu komputer,perempuan,2002,kos,sumatera selatan,"sekayu, sumatera selatan",2.79,2.7,3.34,a,b-,b+,117.0,1.0,ya,ujian tes,sma/sman,negeri,94.0,smp/sederajat,smp/sederajat,2,tidak ada / rahasia,< 2.000.000,rumah,3.0,tidak,visual,tidak ada,luring,3.0,0,"instagram, tiktok",>10,aksi,himpunan mahasiswa,tidak mengikuti kegiatan ukm,<15,<10,berdagang/berjualan
105220050,praktikum pembelajaran mesin prodi ilmu komputer,laki-laki,2002,bersama orang tua,sumatera utara,medan,2.64,3.05,2.44,a,c+,a,20.0,1.0,tidak,utbk/snbp,smk/smkn,swasta,60.0,s1/sederajat,s1/sederajat,2,ibu,8.000.000 - 40.000.000,rumah,2.0,tidak,aural,"udemy, sololearn, sanbercode",luring,1.0,0,"instagram, twitter",1-3,"aksi, petualangan, strategi, teka-teki, olahraga, multiplayer",himpunan mahasiswa,keagamaan,60-120,0,tidak bekerja
105220013,praktikum pembelajaran mesin prodi ilmu komputer,perempuan,2003,kos,banten,rangkasbitung,3.2,3.22,2.89,a,b-,a,20.0,0.0,tidak,ujian tes,sma/sman,negeri,99.0,s1/sederajat,s1/sederajat,1,"ibu, bapak",4.000.000 - 8.000.000,rumah,3.0,ya,aural,tidak ada,daring,3.0,0,instagram,1-3,petualangan,tidak mengikuti organisasi,kesenian,<15,<10,freelance
105220023,praktikum pembelajaran mesin prodi ilmu komputer,laki-laki,2002,kos,jawa barat,subang,3.0,3.03,2.77,a,b,b,124.0,0.0,tidak,ujian tes,sma/sman,swasta,87.0,s1/sederajat,s1/sederajat,1,tidak ada / rahasia,4.000.000 - 8.000.000,rumah,3.0,tidak,aural,built with angga,luring,2.0,0,instagram,1-3,tidak bermain game,himpunan mahasiswa,tidak mengikuti kegiatan ukm,15-30,<10,berdagang/berjualan
105220032,praktikum pembelajaran mesin prodi ilmu komputer,laki-laki,2002,bersama orang tua,jawa barat,bogor,3.3249998,3.4250002,3.34,a,c+,b-,22.0,0.0,tidak,seleksi rapot,smk/smkn,negeri,65.0,sma/sederajat,sma/sederajat,2,tidak ada / rahasia,2.000.000 - 4.000.000,kontrakan,2.0,tidak,visual,tidak ada,luring,2.0,0,"instagram, twitter, tiktok",3-5,"aksi, petualangan, strategi, multiplayer, shooting",himpunan mahasiswa,tidak mengikuti kegiatan ukm,60-120,0,tidak bekerja
105220018,praktikum pembelajaran mesin prodi ilmu komputer,perempuan,2002,bersama orang tua,jawa barat,depok,2.95,3.02,2.5,a,c+,b-,20.0,0.0,tidak,seleksi rapot,sma/sman,swasta,85.0,sma/sederajat,s1/sederajat,1,bapak,4.000.000 - 8.000.000,rumah,3.0,ya,visual,tidak ada,daring,2.0,0,instagram,5-10,aksi,tidak mengikuti organisasi,keagamaan,60-120,0,tidak bekerja
105220053,praktikum pembelajaran mesin prodi ilmu komputer,laki-laki,2002,kos,sumatera utara,medan,3.18,3.5,2.73,a,b,b,20.0,0.0,tidak,utbk/snbp,sma/sman,swasta,92.0,sma/sederajat,d1-d3,1,bapak,8.000.000 - 40.000.000,rumah,3.0,ya,visual,tidak ada,daring,3.0,1-3,"instagram, twitter",5-10,"aksi, petualangan, strategi, olahraga, multiplayer",himpunan mahasiswa,kesenian,<15,0,tidak bekerja
105220042,praktikum pembelajaran mesin prodi ilmu komputer,laki-laki,2002,kontrakan,sumatera utara,deli serdang,3.09,3.4250002,3.34,a,a,a,22.0,0.0,ya,seleksi rapot,sma/sman,swasta,89.0,smp/sederajat,sma/sederajat,4,ibu,2.000.000 - 4.000.000,kontrakan,4.0,ya,visual,"hackerrank, dicoding, sololearn",daring,2.0,4-10,"twitter, whatsapp",3-5,tidak bermain game,himpunan mahasiswa,tidak mengikuti kegiatan ukm,30-60,0,tidak bekerja
105220043,praktikum pembelajaran mesin prodi ilmu komputer,perempuan,2001,kos,riau,pekanbaru,3.18,3.11,3.27,a,b+,b+,24.0,0.0,tidak,utbk/snbp,sma/sman,swasta,89.0,tidak lulus sd,sd/sederajat,>4,tidak ada / rahasia,4.000.000 - 8.000.000,rumah,1.0,tidak,aural,tidak ada,luring,4.0,1-3,"twitter, tiktok",>10,"aksi, petualangan, strategi, teka-teki, multiplayer","himpunan mahasiswa, organisasi keagamaan",keagamaan,<15,0,tidak bekerja
105220010,praktikum pembelajaran mesin prodi ilmu komputer,laki-laki,2002,kos,dki jakarta,gorontalo,3.12,2.76,3.16,a,a,a,22.0,2.0,tidak,seleksi rapot,ma/man,negeri,80.0,d1-d3,d1-d3,0,ibu,8.000.000 - 40.000.000,rumah,4.0,ya,visual,tidak ada,luring,5.0,4-10,"instagram, twitter, tiktok",3-5,"aksi, petualangan, strategi, teka-teki, olahraga, multiplayer","himpunan mahasiswa, organisasi keahlian",penalaran dan keilmuan,<15,0,tidak bekerja
105220014,praktikum pembelajaran mesin prodi ilmu komputer,perempuan,2002,bersama orang tua,jawa barat,kota bekasi ,2.75,2.56,2.93,a,c,b,22.0,1.0,tidak,seleksi rapot,sma/sman,swasta,89.0,sma/sederajat,sma/sederajat,>4,tidak ada / rahasia,2.000.000 - 4.000.000,rumah,3.0,tidak,aural,tidak ada,luring,2.0,0,"instagram, youtube",5-10,tidak bermain game,tidak mengikuti organisasi,tidak mengikuti kegiatan ukm,60-120,0,tidak bekerja
105219038,praktikum pembelajaran mesin prodi ilmu komputer,laki-laki,2001,kos,bangka belitung,tanjungpandan,3.34,3.87,3.81,a,c,b,18.0,0.0,tidak,utbk/snbp,sma/sman,negeri,89.0,s1/sederajat,sma/sederajat,1,tidak ada / rahasia,8.000.000 - 40.000.000,rumah,4.0,tidak,aural,"coursera, dicoding, sololearn, sanbercode",daring,5.0,4-10,"instagram, facebook",1-3,"aksi, strategi, multiplayer",tidak mengikuti organisasi,tidak mengikuti kegiatan ukm,15-30,10-20,freelance
105220026,praktikum pembelajaran mesin prodi ilmu komputer,laki-laki,2002,bersama orang tua,jawa barat,bandung,2.64,2.66,2.77,a,c+,a-,20.0,1.0,tidak,seleksi rapot,boarding school,swasta,81.0,sma/sederajat,d1-d3,1,bapak,4.000.000 - 8.000.000,rumah,3.0,tidak,aural,"coursera, hackerrank, udemy, sololearn",luring,3.0,0,"instagram, twitter, tiktok",3-5,"aksi, strategi, multiplayer","himpunan mahasiswa, organisasi keagamaan, organisasi sosial",keagamaan,60-120,<10,magang/intern
105220020,praktikum pembelajaran mesin prodi ilmu komputer,laki-laki,2001,bersama orang tua,dki jakarta,jakarta pusat,2.57,2.48,2.41,a,c,b-,113.0,1.0,tidak,seleksi rapot,smk/smkn,negeri,89.0,sma/sederajat,sma/sederajat,2,ibu,< 2.000.000,kontrakan,3.0,tidak,visual,"dicoding, sololearn",luring,2.0,1-3,"instagram, facebook, twitter, tiktok",1-3,shooting,himpunan mahasiswa,tidak mengikuti kegiatan ukm,30-60,0,tidak bekerja
105220048,praktikum pembelajaran mesin prodi ilmu komputer,perempuan,2002,kos,sumatera barat,bukittinggi,3.08,3.1,2.99,a,c+,b+,22.0,0.0,tidak,utbk/snbp,sma/sman,negeri,91.0,s1/sederajat,s1/sederajat,2,ibu,2.000.000 - 4.000.000,rumah,3.0,tidak,visual,myskill,luring,3.0,1-3,"instagram, tiktok",5-10,"strategi, teka-teki",himpunan mahasiswa,tidak mengikuti kegiatan ukm,<15,0,tidak bekerja
105220041,praktikum pembelajaran mesin prodi ilmu komputer,laki-laki,2002,kos,jawa timur,medan,3.3249998,3.4250002,3.34,a,a,a,22.0,0.0,tidak,seleksi rapot,sma/sman,negeri,89.0,sma/sederajat,sma/sederajat,3,tidak ada / rahasia,8.000.000 - 40.000.000,rumah,3.0,tidak,visual,tidak ada,daring,5.0,0,"twitter, tiktok",5-10,tidak bermain game,tidak mengikuti organisasi,tidak mengikuti kegiatan ukm,60-120,0,tidak bekerja
