nama_kelas,jenis_kelamin,tahun_lahir,tempat_tinggal_kuliah,provinsi_asal,kota_asal,ipk,ips_semester_genap_2021/2022,ips_semester_ganjil_2022/2023,nilai_matkul_matematika_1,nilai_matkul_bahasa_inggris_1,total_sks_semester,total_matkul_mengulang,memiliki_beasiswa,jalur_pendaftaran_kampus,tipe_sma,latar_belakang_sma,nilai_utbk,nilai_un,nilai_matematika_sma_kelas_12,pendidikan_ibu,pendidikan_ayah,jumlah_saudara,role_model_keluarga,penghasilan_orang_tua,jenis_tempat_tinggal_keluarga,rating_kesan_mata_kuliah,waktu_khusus_belajar,cara_belajar_mahasiswa,platform_belajar_online,akses_pembelajaran,suka_lomba,total_mengikuti_lomba,sosial_media,total_akses_sosial_media,genre_permainan,jenis_organisasi,jenis_ukm,estimasi_waktu_perjalanan_ke_kampus,bekerja_selama_kuliah,durasi_bekerja_selama_kuliah,tipe_pekerjaan_selama_kuliah
Sistem Informasi Manajemen,Laki-laki,2000,Bersama Orang Tua,DKI Jakarta,Jakarta,3.01,2.95,3.10,B,A-,110,1,Tidak,Seleksi Rapot,SMA/SMAN,Negeri,-,30.6,70,SMA/Sederajat,SMA/Sederajat,1,Ayah,> 40.000.000,Rumah,4.0,Ya,"Melihat tutorial diluar materi (video youtube, forum belajar online)",Tidak Mengikuti Online Course / Tidak Menggunakan Platform Belajar Online,Daring,4.0,11-20,Tiktok,3-5,"Strategi, Multiplayer",ESPORT,Olahraga,<15,Ya,20-45,Part-Time
Sistem Informasi Manajemen,Laki-laki,2001,Kos,Jawa Tengah,Pekalongan,3.25,3.19,3.31,B,B,22,0,Tidak,Seleksi Rapot,SMA/SMAN,Negeri,-,-,-,SMA/Sederajat,SMA/Sederajat,1,Kakek,2.000.000 - 4.000.000,Tinggal dengan keluarga besar,4.0,Ya,"Melihat tutorial diluar materi (video youtube, forum belajar online)",Tidak Mengikuti Online Course / Tidak Menggunakan Platform Belajar Online,Luring,2.0,0,Instagram,3-5,Strategi,Tidak Mengikuti Organisasi,Tidak Mengikuti Kegiatan UKM,15-30,Tidak,20-45,Berdagang/Berjualan
Sistem Informasi Manajemen,Laki-laki,2003,Bersama Orang Tua,DKI Jakarta,Kota Administrasi Jakarta Timur,3.29,3.33,3.08,A,A-,22,0,Tidak,Seleksi Rapot,SMA/SMAN,Negeri,524.57,-,-,S1/Sederajat,S1/Sederajat,1,Kakak,4.000.000 - 8.000.000,Rumah,4.0,Ya,"Melihat tutorial diluar materi (video youtube, forum belajar online)",Tidak Mengikuti Online Course / Tidak Menggunakan Platform Belajar Online,Daring,2.0,0,Instagram,1-3,"Multiplayer, DOTA 2, GTA V ONLINE, VALORANT",Himpunan Mahasiswa,Tidak Mengikuti Kegiatan UKM,60-120,Tidak,<10,Freelance
Sistem Informasi Manajemen,Laki-laki,2003,Bersama Orang Tua,DKI Jakarta,Jakarta,3.33,3.56,3.46,B,A,22,1,Tidak,Seleksi Rapot,SMA/SMAN,Negeri,"""-""","""-""",82,S1/Sederajat,S2/Sederajat,2,Ayah,8.000.000 - 40.000.000,Rumah,3.0,Ya,Belajar dengan teman sebaya,,Luring,2.0,0,"Instagram, Twitter, Tiktok",5-10,Multiplayer,Himpunan Mahasiswa,Olahraga,30-60,Tidak,,
Sistem Informasi Manajemen,Laki-laki,2003,Kos,Sumatera Utara,Sibolga,,-,-,C+,B-,22,0,Tidak,Seleksi Rapot,Mahasiswa,Swasta,-,-,Lupa,D1-D3,SMA/Sederajat,2,Ayah,4.000.000 - 8.000.000,Rumah,4.0,Ya,Mereview materi yang disediakan,Tidak Mengikuti Online Course / Tidak Menggunakan Platform Belajar Online,Luring,2.0,0,"Instagram, Facebook, Tiktok",1-3,"Aksi, Petualangan, Strategi, Teka-teki, Olahraga",Organisasi Keagamaan,Keagamaan,<15,Tidak,<10,Part-Time
Sistem Informasi Manajemen,Laki-laki,2002,Bersama Orang Tua,Jawa Barat,Kota Bekasi,2.96,2.48,3.24,A,B+,22,1,Tidak,Seleksi Rapot,SMA/SMAN,Swasta,-,-,87,D1-D3,S1/Sederajat,1,Ayah,8.000.000 - 40.000.000,Rumah,4.0,Ya,Menulis rangkuman materi yang telah dijelaskan,Tidak Mengikuti Online Course / Tidak Menggunakan Platform Belajar Online,Luring,3.0,1-3,"Instagram, Facebook, Tiktok",1-3,Tidak Bermain Game,"HIPMI, Himpunan Pengusaha Muda Indonesia",Upreneur,60-120,Ya,>45,Berdagang/Berjualan
Sistem Informasi Manajemen,Laki-laki,2002,Bersama Orang Tua,Banten,Kota Tangerang,3. 59,3. 74,3. 48,A,A,23 sks,0,Tidak,Seleksi Rapot,SMA/SMAN,Negeri,-,-,90,SMA/Sederajat,D4/Sarjana Terapan,3,Ayah,8.000.000 - 40.000.000,Rumah,4.0,Ya,"Melihat tutorial diluar materi (video youtube, forum belajar online)",Zenius,Daring,5.0,4-10,Instagram,1-3,"Aksi, Strategi, Olahraga, Multiplayer",Himpunan Mahasiswa,Olahraga,15-30,Tidak,,Magang/Intern
Sistem Informasi Manajemen,Laki-laki,2003,Kos,Jawa Barat,Bekasi,3.51,"3,52","3,51",b-,b+,24,0,Tidak,Seleksi Rapot,SMA/SMAN,Negeri,"""_""","""_""",91,SMP/Sederajat,S2/Sederajat,2,Tidak ada / Rahasia,> 40.000.000,Rumah,3.0,Ya,Mereview materi yang disediakan,Tidak Mengikuti Online Course / Tidak Menggunakan Platform Belajar Online,Daring,3.0,0,Instagram,1-3,"Aksi, Petualangan, Strategi, Teka-teki, Multiplayer",Tidak Mengikuti Organisasi,Keagamaan,15-30,Ya,10-20,Freelance
Sistem Informasi Manajemen,Perempuan,2001,Bersama Orang Tua,Jawa Barat,Kab. Bogor,3.72,3.77,3.65,A,A,24,0,Tidak,Beasiswa Heroik 2021 Universitas Pertamina Jalur Seleksi Nilai Rapor APERTI BUMN,SMA/SMAN,Negeri,-,-,90 (A),SMA/Sederajat,SMA/Sederajat,2,Ibu,8.000.000 - 40.000.000,Rumah,3.0,Ya,"Melihat tutorial diluar materi (video youtube, forum belajar online)","Coursera, Zenius",Daring,2.0,0,"Instagram, Twitter, Tiktok",5-10,"Aksi, Petualangan, Strategi, Multiplayer",Tidak Mengikuti Organisasi,Kesenian,>120,Tidak,,
Sistem Informasi Manajemen,Laki-laki,2001,Kos,Sumatera Utara,SAMOSIR,3.19,"""_""","""_""",A-,C+,144,3,Tidak,Ujian Tes,SMA/SMAN,Negeri,"""_""","""_""",Maaf Bu saya tidak ingat,S1/Sederajat,SMA/Sederajat,1,Ayah,4.000.000 - 8.000.000,Rumah,3.0,Ya,"Melihat tutorial diluar materi (video youtube, forum belajar online)",Tidak Mengikuti Online Course / Tidak Menggunakan Platform Belajar Online,Luring,5.0,0,"Instagram, Facebook, Tiktok",5-10,"Strategi, Teka-teki, Olahraga","Himpunan Mahasiswa, Organisasi Kedaerahan",saat ini sudah tidak ada,<15,Tidak,<10,Asisten Kuliah
Sistem Informasi Manajemen,Perempuan,2003,Kos,Jawa Barat,bogor,3.44,3.37,-,B+,B,24,0,Tidak,UTBK,SMK/SMKN,Swasta,-,-,73,SMA/Sederajat,D1-D3,2,Tidak ada / Rahasia,4.000.000 - 8.000.000,Rumah,3.0,Ya,Belajar dengan teman sebaya,Tidak Mengikuti Online Course / Tidak Menggunakan Platform Belajar Online,Luring,2.0,0,"Instagram, Twitter, Tiktok",1-3,"Strategi, Tidak Bermain Game",Tidak Mengikuti Organisasi,Penalaran dan Keilmuan,15-30,Tidak,,
Sistem Informasi Manajemen,Laki-laki,2001,Kos,DKI Jakarta,JAKARTA UTARA,3.15,3.26,2.96,C+,B,22,0 (nol),Tidak,Ujian Tes,SMA/SMAN,Negeri,-,25.35,37.5,SD/Sederajat,SMP/Sederajat,3,Tidak ada / Rahasia,4.000.000 - 8.000.000,Rumah,3.0,Tidak,Menulis rangkuman materi yang telah dijelaskan,Tidak Mengikuti Online Course / Tidak Menggunakan Platform Belajar Online,Daring,3.0,0,"Instagram, Twitter, Tiktok",1-3,"Petualangan, Strategi, Multiplayer",Tidak Mengikuti Organisasi,Tidak Mengikuti Kegiatan UKM,<15,Tidak,,
Sistem Informasi Manajemen,Laki-laki,1999,Kontrakan,Kalimantan Timur,SAMARINDA,2.69,2.79,2.39,A,B,18,6,Tidak,Ujian Tes,SMA/SMAN,Negeri,-,-,85,SMA/Sederajat,SMP/Sederajat,3,Ayah,4.000.000 - 8.000.000,Rumah,3.0,Ya,"Melihat tutorial diluar materi (video youtube, forum belajar online)",Udemy,Luring,5.0,4-10,Instagram,1-3,Petualangan,Organisasi Keahlian,"Olahraga, Tidak Mengikuti Kegiatan UKM",60-120,Ya,10-20,Full-Time
Sistem Informasi Manajemen,Perempuan,2003,Kos,Jawa Tengah,Pemalang,3.51,3.48,3.38,B+,B,24,0,Tidak,Seleksi Rapot,SMA/SMAN,Negeri,-,-,90,SMA/Sederajat,SMA/Sederajat,0,Mamah abang ,8.000.000 - 40.000.000,Rumah,4.0,Ya,Mereview materi yang disediakan,Tidak Mengikuti Online Course / Tidak Menggunakan Platform Belajar Online,Luring,3.0,1-3,"Instagram, Tiktok",5-10,Tidak Bermain Game,Tidak Mengikuti Organisasi,Penalaran dan Keilmuan,<15,Tidak,10-20,Part-Time
Sistem Informasi Manajemen,Perempuan,2001,Kos,Jawa Timur,TUBAN,3.60,3.64,3.58,A,A,24,0,Tidak,Seleksi Rapot,SMA/SMAN,Negeri,-,-,80,SMP/Sederajat,S1/Sederajat,1,Ayah,4.000.000 - 8.000.000,Rumah,4.0,Ya,Mereview materi yang disediakan,"Coursera, Ruangguru, Zenius",Daring,5.0,>20,Instagram,1-3,"Aksi, Petualangan, Strategi","Himpunan Mahasiswa, Organisasi Sosial, Organisasi luar kampus komunita kemenkeu dan matahari kecil comunity jakarta",Penalaran dan Keilmuan,<15,Tidak,<10,Freelance
Sistem Informasi Manajemen,Perempuan,2003,Kos,Sumatera Selatan,Kabupaten Banyuasin,"3,97","3,94",4.0,A,A,23,0,Ya,Beasiswa Undangan Universitas Pertamina,SMA/SMAN,Negeri,-,-,89,SMA/Sederajat,SMP/Sederajat,>4,Ibu,2.000.000 - 4.000.000,Rumah,3.0,Ya,"Melihat tutorial diluar materi (video youtube, forum belajar online)","Coursera, Ruangguru",Luring,4.0,1-3,"Instagram, Tiktok",3-5,"Petualangan, Strategi, Teka-teki","Himpunan Mahasiswa, Organisasi Keahlian",Kesenian,15-30,Tidak,,
Sistem Informasi Manajemen,Perempuan,2002,Bersama Orang Tua,Jawa Tengah,SMAN 1 Kota Magelang,3.83,3.82,3.76,A,A,24,0,Tidak,Seleksi Rapot,SMA/SMAN,Negeri,-,-,87,SMA/Sederajat,SMA/Sederajat,1,Ibu,4.000.000 - 8.000.000,Rumah,4.0,Tidak,Belajar dengan teman sebaya,"Ruangguru, Zenius",Luring,4.0,1-3,"Instagram, Twitter, Tiktok",5-10,"Aksi, Petualangan, Strategi, Olahraga, Multiplayer","Himpunan Mahasiswa, Organisasi Keagamaan, Organisasi Keahlian","Olahraga, Keagamaan",60-120,Tidak,,
Sistem Informasi Manajemen,Laki-laki,2003,Bersama Orang Tua,Jawa Barat,depok,3.18,3.37,3.10,A,B,22,0,Tidak,Seleksi Rapot,SMA/SMAN,Negeri,650,"85,67",80,S1/Sederajat,SMA/Sederajat,2,Ibu,8.000.000 - 40.000.000,Rumah,4.0,Ya,"Melihat tutorial diluar materi (video youtube, forum belajar online)",Zenius,Daring,3.0,1-3,"Instagram, Facebook, Twitter, Tiktok",3-5,"Aksi, Multiplayer",tidak mengikuti,photocinema,60-120,Ya,<10,Freelance
Sistem Informasi Manajemen,Perempuan,2003,Kos,Riau,Pangkalan Kerinci,3.7,3.72,3.70,B+,A-,24,0,Tidak,Seleksi Rapot,SMA/SMAN,Swasta,-,-,90,SMA/Sederajat,SMA/Sederajat,3,Ibu,4.000.000 - 8.000.000,Rumah,4.0,Ya,Mereview materi yang disediakan,Tidak Mengikuti Online Course / Tidak Menggunakan Platform Belajar Online,Luring,4.0,1-3,Instagram,3-5,"Aksi, Petualangan, Multiplayer",Tidak Mengikuti Organisasi,Kesenian,<15,Tidak,,
Sistem Informasi Manajemen,Perempuan,2003,Kos,Jawa Barat,Tambun,3.61,-,-,A,A-,23,1,Ya,Seleksi Rapot,SMA/SMAN,Swasta,-,-,-,S1/Sederajat,S1/Sederajat,0,Ibu,4.000.000 - 8.000.000,Rumah,3.0,Ya,Menulis rangkuman materi yang telah dijelaskan,Tidak Mengikuti Online Course / Tidak Menggunakan Platform Belajar Online,Luring,3.0,1-3,"Instagram, Tiktok",3-5,"Aksi, Teka-teki",Himpunan Mahasiswa,Upreneur,<15,Tidak,<10,Part-Time
Sistem Informasi Manajemen,Laki-laki,10 Mei 2003,Kos,Bengkulu,Kota Bengkulu,3.23,3.27,3.17,C+,B,22,0,Tidak,Seleksi Rapot,SMA/SMAN,Negeri,-,-,85,SMA/Sederajat,SMA/Sederajat,0,Tidak ada / Rahasia,2.000.000 - 4.000.000,Rumah,4.0,Ya,"Melihat tutorial diluar materi (video youtube, forum belajar online)",Tidak Mengikuti Online Course / Tidak Menggunakan Platform Belajar Online,Luring,3.0,0,Tiktok,<1,Tidak Bermain Game,Tidak Mengikuti Organisasi,Olahraga,<15,Tidak,<10,Part-Time
Sistem Informasi Manajemen,Perempuan,2003,Kos,Nanggroe Aceh Darussalam,pidie jaya,3.64,3.74,3.56,A,B+,24,0,Tidak,Seleksi Rapot,MAS,Swasta,-,-,96,S2/Sederajat,S2/Sederajat,2,Ayah,8.000.000 - 40.000.000,Rumah,3.0,Ya,melalui google,Ruangguru,Luring,3.0,0,Instagram,3-5,Tidak Bermain Game,Himpunan Mahasiswa,kewirausahaan,<15,Tidak,,
Sistem Informasi Manajemen,Perempuan,2003,Bersama Orang Tua,DKI Jakarta,Jakarta Selatan,3.73,-,-,A,A,24,0,Tidak,Seleksi Rapot,SMA/SMAN,Negeri,-,-,-,SMA/Sederajat,S2/Sederajat,2,Ibu,8.000.000 - 40.000.000,Rumah,3.0,Ya,Menulis rangkuman materi yang telah dijelaskan,Ruangguru,Luring,3.0,1-3,"Instagram, Tiktok",3-5,Tidak Bermain Game,"Himpunan Mahasiswa, Organisasi Sosial",Tidak Mengikuti Kegiatan UKM,30-60,Tidak,<10,Freelance
Sistem Informasi Manajemen,Perempuan,2003,Bersama Orang Tua,DKI Jakarta,Jakarta Selatan,3.43,-,-,C+,A-,23,0,Tidak,Seleksi Rapot,SMA/SMAN,Swasta,-,-,86,SMEA,SMA/Sederajat,2,Ayah,2.000.000 - 4.000.000,Rumah dinas,3.0,Tidak,,Tidak Mengikuti Online Course / Tidak Menggunakan Platform Belajar Online,Luring,3.0,0,"Instagram, Tiktok",3-5,Tidak Bermain Game,Organisasi Keahlian,Olahraga,15-30,Tidak,,
Sistem Informasi Manajemen,Laki-laki,2002,Kos,Jawa Timur,Probolinggo,3.28,3.57,3.04,A,A,22,0,Tidak,Seleksi Rapot,SMA/SMAN,Negeri,-,-,-,SMA/Sederajat,SMA/Sederajat,2,Ibu,4.000.000 - 8.000.000,Rumah,3.0,Ya,Mereview materi yang disediakan,"Coursera, Ruangguru, Zenius",Luring,5.0,1-3,"Instagram, Tiktok",3-5,"Strategi, Teka-teki",Himpunan Mahasiswa,Olahraga,<15,Tidak,<10,-
Sistem Informasi Manajemen,Perempuan,2003,Kos,Sumatera Utara,Medan,3.59,3.54,3.58,A,A-,24,0,Tidak,Seleksi Rapot,SMA/SMAN,Swasta,532,-,-,S1/Sederajat,S1/Sederajat,0,Ibu,4.000.000 - 8.000.000,Rumah,3.0,Ya,Mereview materi yang disediakan,Tidak Mengikuti Online Course / Tidak Menggunakan Platform Belajar Online,Luring,4.0,4-10,"Instagram, Twitter, Tiktok",3-5,Teka-teki,"Himpunan Mahasiswa, Organisasi Keagamaan",Keagamaan,<15,Tidak,,
Sistem Informasi Manajemen,Perempuan,2003,Bersama Orang Tua,Banten,Tangerang Selatan,3.93,-,-,A,A,24,0,Ya,Seleksi Rapot,SMA/SMAN,Swasta,400an,-,75,SMA/Sederajat,S1/Sederajat,3,Ibu,> 40.000.000,Rumah,3.0,Ya,"Melihat tutorial diluar materi (video youtube, forum belajar online)","Coursera, Ruangguru, Zenius",Luring,5.0,1-3,"Instagram, Tiktok",5-10,"Petualangan, Strategi, Multiplayer","Himpunan Mahasiswa, Organisasi Keagamaan, Organisasi Sosial",Keagamaan,60-120,Tidak,,
Sistem Informasi Manajemen,Perempuan,2001,Kos,Jawa Tengah,Surakarta,"3,67",3.54,3.66,A,B+,24,0,Tidak,Ujian Tes,SMA/SMAN,Swasta,-,-,-,S1/Sederajat,SMA/Sederajat,3,Ibu,8.000.000 - 40.000.000,Rumah,3.0,Ya,Mereview materi yang disediakan,Tidak Mengikuti Online Course / Tidak Menggunakan Platform Belajar Online,Daring,3.0,1-3,"Instagram, Tiktok",3-5,Tidak Bermain Game,Himpunan Mahasiswa,Keagamaan,<15,Tidak,,
Sistem Informasi Manajemen,Laki-laki,2003,Kontrakan,Jawa Barat,Kota Bekasi,3.19,3.69,"""_""",A,A,22,0 (NOL),Tidak,Ujian Tes,SMA/SMAN,Negeri,"""_""","""_""",85,D4/Sarjana Terapan,S1/Sederajat,3,Ayah,8.000.000 - 40.000.000,Rumah,3.0,Ya,"Melihat tutorial diluar materi (video youtube, forum belajar online)",Tidak Mengikuti Online Course / Tidak Menggunakan Platform Belajar Online,Luring,3.0,1-3,"Instagram, Twitter, Tiktok",5-10,"Petualangan, Strategi, Teka-teki, Olahraga, Multiplayer",Himpunan Mahasiswa,Olahraga,15-30,Tidak,,
Sistem Informasi Manajemen,Perempuan,2003,Asrama,Nusa Tenggara Timur,Kupang,3.59,"""-""","""-""",A,A,24,0,Ya,Seleksi Rapot,SMA/SMAN,Swasta,"""-""","""-""",80,S1/Sederajat,SMA/Sederajat,1,Ayah,8.000.000 - 40.000.000,Rumah,3.0,Ya,Menulis rangkuman materi yang telah dijelaskan,Tidak Mengikuti Online Course / Tidak Menggunakan Platform Belajar Online,Luring,4.0,1-3,Instagram,5-10,Petualangan,Himpunan Mahasiswa,Penalaran dan Keilmuan,<15,Tidak,,Asisten Kuliah
Sistem Informasi Manajemen,Laki-laki,17-10-2003,Kos,Nanggroe Aceh Darussalam,Aceh,3.42,-,-,A,A-,23,0,Tidak,Seleksi Rapot,SMA/SMAN,Negeri,-,-, B,D1-D3,S1/Sederajat,3,Ayah,2.000.000 - 4.000.000,Rumah,4.0,Ya,Mereview materi yang disediakan,Tidak Mengikuti Online Course / Tidak Menggunakan Platform Belajar Online,Daring,4.0,1-3,Instagram,3-5,Multiplayer,"Organisasi Keahlian, ",Olahraga,<15,Tidak,<10,Freelance
Sistem Informasi Manajemen,Laki-laki,2002,Kos,Jawa Timur,Lumajang,3.74,3.87,3.65,A,A,23,0,Tidak,Seleksi Rapot,SMA/SMAN,Negeri,-,-,78,D1-D3,S1/Sederajat,3,Ibu,2.000.000 - 4.000.000,Rumah,4.0,Tidak,"Melihat tutorial diluar materi (video youtube, forum belajar online)","Coursera, Udemy",Luring,1.0,0,"Instagram, Tiktok",>10,"Aksi, Petualangan, Strategi, Multiplayer",Himpunan Mahasiswa,Tidak Mengikuti Kegiatan UKM,60-120,Tidak,<10,
Sistem Informasi Manajemen,Perempuan,2002,Bersama Orang Tua,Jawa Tengah,Brebes,3.36,3.36,3.23,A,A-,22,0,Tidak,Seleksi Rapot,SMA/SMAN,Negeri,-,-,-,SMA/Sederajat,SD/Sederajat,1,Tidak ada / Rahasia,2.000.000 - 4.000.000,Rumah,4.0,Tidak,Mereview materi yang disediakan,Tidak Mengikuti Online Course / Tidak Menggunakan Platform Belajar Online,Daring,2.0,0,"Instagram, Tiktok",3-5,Tidak Bermain Game,Organisasi Sosial,Kesenian,15-30,Tidak,,
Sistem Informasi Manajemen,Laki-laki,2001,Kos,Sumatera Utara,Sei Bamban,2.83,3.03,3.73,B,C,21,1,Tidak,Ujian Tes,SMA/SMAN,Swasta,-,-,- ,SMA/Sederajat,SMA/Sederajat,4,Ibu,4.000.000 - 8.000.000,Rumah,3.0,Ya,"Melihat tutorial diluar materi (video youtube, forum belajar online)",Tidak Mengikuti Online Course / Tidak Menggunakan Platform Belajar Online,Luring,3.0,1-3,"Instagram, Tiktok",3-5,Strategi,"Himpunan Mahasiswa, Organisasi Keagamaan, Organisasi Sosial","Olahraga, Keagamaan",15-30,Ya,<10,Berdagang/Berjualan
Sistem Informasi Manajemen,Perempuan,2002,Asrama Putri Universitas Pertamina,Nusa Tenggara Timur,"Kota Maumere, Kab. Sikka",3.66,3.74,3.54,A,A,83 SKS,0,Ya,BUUP,SMA/SMAN,Swasta,578,-,-,SD/Sederajat,SD/Sederajat,1,Tidak ada / Rahasia,< 2.000.000,Rumah,3.0,Ya,"Melihat tutorial diluar materi (video youtube, forum belajar online)","Ruangguru, Zenius, Quipper",Luring,3.0,1-3,"Instagram, Twitter",3-5,Tidak Bermain Game,"Himpunan Mahasiswa, Riset dan Karya Tulis Ilmiah",Riset dan Karya Tulis Ilmiah,15-30,Tidak,,Magang/Intern
Sistem Informasi Manajemen,Perempuan,2002,Bersama Orang Tua,DKI Jakarta,SMAN 44 Jakarta,3.59,3.78,3.37,B,B+,23,0,Tidak,Ujian Tes,SMA/SMAN,Negeri,-,-,-,SMA/Sederajat,SMA/Sederajat,3,Ayah,8.000.000 - 40.000.000,Rumah,3.0,Ya,Menulis rangkuman materi yang telah dijelaskan,Tidak Mengikuti Online Course / Tidak Menggunakan Platform Belajar Online,Luring,3.0,0,"Instagram, Twitter, Tiktok",>10,"Strategi, Multiplayer",Tidak Mengikuti Organisasi,Tidak Mengikuti Kegiatan UKM,30-60,Tidak,,
Sistem Informasi Manajemen,Laki-laki,2003,bersama saudara,Sumatera Utara,sipirok,"3,12",'_'','_'',B,C,22,1,Tidak,Seleksi Rapot,SMA/SMAN,Negeri,-,-,90,SMA/Sederajat,SMA/Sederajat,3,Ayah,4.000.000 - 8.000.000,Rumah,4.0,Tidak,Mereview materi yang disediakan,Tidak Mengikuti Online Course / Tidak Menggunakan Platform Belajar Online,Luring,3.0,0,Facebook,5-10,Petualangan,Organisasi Keagamaan,Keagamaan,>120,Ya,10-20,Berdagang/Berjualan
Sistem Informasi Manajemen,Laki-laki,2003,Kos,Sumatera Utara,Medan,3.28,"3,36","3,29",A,B+,24,0,Tidak,UTBK,SMA/SMAN,Swasta,“-“.,“-“.,88,SMA/Sederajat,SMA/Sederajat,2,Ibu,4.000.000 - 8.000.000,Rumah,4.0,Ya,"Melihat tutorial diluar materi (video youtube, forum belajar online)","Ruangguru, Zenius",Daring,2.0,1-3,"Instagram, Tiktok",1-3,"Petualangan, Teka-teki, Olahraga",Organisasi Sosial,Tidak Mengikuti Kegiatan UKM,<15,Tidak,<10,Magang/Intern
Sistem Informasi Manajemen,Laki-laki,2002,Bersama Orang Tua,DKI Jakarta,Jakarta Timur,"3,57","3,67",-,B,A-,24,0,Tidak,Seleksi Rapot,SMA/SMAN,Negeri,-,-,80an,SMA/Sederajat,S2/Sederajat,4,Tidak ada / Rahasia,2.000.000 - 4.000.000,Rumah,3.0,Tidak,Mereview materi yang disediakan,Tidak Mengikuti Online Course / Tidak Menggunakan Platform Belajar Online,Luring,3.0,1-3,Instagram,3-5,"Aksi, Petualangan, Strategi, Multiplayer","Organisasi Kedaerahan, Organisasi Sosial",Kewirausahaan ,30-60,Tidak,,
Sistem Informasi Manajemen,Perempuan,2003,Kos,Sulawesi Selatan,Makassar,3.86,3.97,3.66,A,A,24,0,Tidak,Seleksi Rapot,SMA/SMAN,Negeri,-,-,91,SMA/Sederajat,SMA/Sederajat,3,Ibu,4.000.000 - 8.000.000,Rumah,3.0,Ya,"Melihat tutorial diluar materi (video youtube, forum belajar online)",Tidak Mengikuti Online Course / Tidak Menggunakan Platform Belajar Online,Luring,4.0,4-10,"Instagram, Tiktok",1-3,Teka-teki,"Himpunan Mahasiswa, Organisasi Keagamaan",Keagamaan,15-30,Tidak,,
Sistem Informasi Manajemen,Perempuan,2004,Bersama Orang Tua,Jawa Barat,BEKASI,3.32,3.58,3.14,C,B-,22,-,Tidak,,SMA/SMAN,Negeri,"""-""","""-""","""-""",D1-D3,S1/Sederajat,3,Ibu,2.000.000 - 4.000.000,Rumah,3.0,Tidak,Menulis rangkuman materi yang telah dijelaskan,Coursera,Luring,3.0,0,Instagram,5-10,Multiplayer,Tidak Mengikuti Organisasi,Olahraga,60-120,Tidak,<10,
Sistem Informasi Manajemen,Perempuan,2003,Asrama,Sulawesi Selatan,Bone,3.71,3.68,3.79,C+,A-,24,0 (nol),Ya,BUUP (Beasiswa Undangan Universitas Pertamina),SMA/SMAN,Swasta,-,-,-,SD/Sederajat,SD/Sederajat,2,Ibu,2.000.000 - 4.000.000,Rumah,3.0,Ya,Mereview materi yang disediakan,Tidak Mengikuti Online Course / Tidak Menggunakan Platform Belajar Online,Luring,4.0,1-3,Instagram,3-5,Strategi,Organisasi Sosial,Keagamaan,30-60,Tidak,,
Sistem Informasi Manajemen,Perempuan,2002,Kos,Jawa Barat,Kabupaten Indramayu,3.6,3.74,3.45,B-,A-,60,0,Tidak,Seleksi Rapot,SMA/SMAN,Negeri,-,-,Lupa,S1/Sederajat,S1/Sederajat,4,Tidak ada / Rahasia,2.000.000 - 4.000.000,Rumah,3.0,Ya,Menulis rangkuman materi yang telah dijelaskan,Tidak Mengikuti Online Course / Tidak Menggunakan Platform Belajar Online,Luring,3.0,4-10,"Instagram, Twitter",1-3,"Strategi, Teka-teki",Organisasi Keahlian,Penalaran dan Keilmuan,15-30,Tidak,,
Sistem Informasi Manajemen,Perempuan,2003,Asrama,Sulawesi Selatan,Kabupaten Bone,3.21,3.21,3.21,A,C,22,0,Ya,Beasiswa Undangan,SMA/SMAN,Swasta,-,-,82 Dan  83,S1/Sederajat,S1/Sederajat,1,Ayah & Ibu,< 2.000.000,Tinggal dengan keluarga besar,4.0,Ya,"Melihat tutorial diluar materi (video youtube, forum belajar online)",Tidak Mengikuti Online Course / Tidak Menggunakan Platform Belajar Online,Luring,3.0,0,Instagram,5-10,Tidak Bermain Game,Organisasi Keagamaan,Penalaran dan Keilmuan,<15,Tidak,,
Sistem Informasi Manajemen,Perempuan,03 FEBRUARI 2003,Kos,DKI Jakarta,SMA BUDHI WARMAN 1,"3,25",-,"3,2",C,B,22,0,Tidak,Seleksi Rapot,SMA/SMAN,Swasta,-,"87,1",87,SMA/Sederajat,SMA/Sederajat,0,Tidak ada / Rahasia,< 2.000.000,Rumah,4.0,Ya,Mereview materi yang disediakan,,Daring,3.0,0,WA,1-3,Multiplayer,UKM PHOTOCINEMA,UKM PHOTOCINEMA,<15,Tidak,<10,
Sistem Informasi Manajemen,Perempuan,2003,Kos,Kalimantan Timur,Balikpapan,3.40,3.35,-,A,A,22,0 (nol),Tidak,Seleksi Rapot,SMA/SMAN,Swasta,-,-,-,SMA/Sederajat,S2/Sederajat,3,Ayah,,Rumah,3.0,Ya,Mereview materi yang disediakan,Ruangguru,Luring,3.0,1-3,Instagram,3-5,"Aksi, Strategi",Organisasi Kedaerahan,Keagamaan,<15,Tidak,,
Sistem Informasi Manajemen,Laki-laki,2002,Bersama Orang Tua,Jawa Tengah,pemalang,3.23,-,-,B,A,22,0,Tidak,Seleksi Rapot,SMA/SMAN,Negeri,-,-,80,SD/Sederajat,SD/Sederajat,1,Ayah,2.000.000 - 4.000.000,Kontrakan,3.0,Ya,Mereview materi yang disediakan,Coursera,Daring,2.0,1-3,Instagram,3-5,Multiplayer,Himpunan Mahasiswa,Olahraga,30-60,Ya,<10,Full-Time
Sistem Informasi Manajemen,Laki-laki,2003,Kos,DKI Jakarta,Jakarta,2.15,-,-,C,E,20,2,Tidak,Seleksi Rapot,SMA/SMAN,Swasta,-,-,8,S1/Sederajat,D1-D3,2,Tidak ada / Rahasia,8.000.000 - 40.000.000,Rumah,3.0,Ya,Mereview materi yang disediakan,Tidak Mengikuti Online Course / Tidak Menggunakan Platform Belajar Online,Luring,2.0,0,Instagram,3-5,Olahraga,Tidak Mengikuti Organisasi,Tidak Mengikuti Kegiatan UKM,<15,Tidak,<10,Part-Time
Sistem Informasi Manajemen,Perempuan,2002,Kos,Jawa Barat,SMA NEGERI 4 KOTA CIREBON,3.27,3.28,3.23,A,A,22,0,Ya,Seleksi Rapot,SMA/SMAN,Negeri,-,-,-,D1-D3,D1-D3,4,Ayah,< 2.000.000,Rumah,3.0,Ya,Menulis rangkuman materi yang telah dijelaskan,Tidak Mengikuti Online Course / Tidak Menggunakan Platform Belajar Online,Daring,3.0,4-10,"Instagram, Facebook, Twitter, Tiktok",3-5,"Aksi, Petualangan, Strategi, Teka-teki, Olahraga, Multiplayer","Himpunan Mahasiswa, Organisasi Sosial","Olahraga, Penalaran dan Keilmuan",<15,Ya,<10,Magang/Intern
Sistem Informasi Manajemen,Laki-laki,2002,Bersama Orang Tua,Jawa Barat,Bekasi,3.29,3.41,3.09,A,B+,22 sks,1,Tidak,Seleksi Rapot,MA/MAN,Negeri,-,-,-,D1-D3,S1/Sederajat,2,Ayah,< 2.000.000,Kontrakan,4.0,Tidak,"Melihat tutorial diluar materi (video youtube, forum belajar online)",Tidak Mengikuti Online Course / Tidak Menggunakan Platform Belajar Online,Luring,3.0,0,"Instagram, Tiktok",3-5,"Aksi, Strategi, Olahraga",Himpunan Mahasiswa,Tidak Mengikuti Kegiatan UKM,60-120,Ya,>45,Part-Time
Sistem Informasi Manajemen,Perempuan,2003,Bersama Orang Tua,DKI Jakarta,Jakarta Barat,3.39,3.48,3.39,A,B,23,0,Tidak,Hasil SNMPTN,MA/MAN,Swasta,-,-,-,SMA/Sederajat,SMA/Sederajat,1,Tidak ada / Rahasia,4.000.000 - 8.000.000,Rumah,3.0,Tidak,Belajar dengan teman sebaya,Tidak Mengikuti Online Course / Tidak Menggunakan Platform Belajar Online,Luring,4.0,0,WA,3-5,Teka-teki,Tidak Mengikuti Organisasi,Tidak Mengikuti Kegiatan UKM,15-30,Tidak,,-
Sistem Informasi Manajemen,Perempuan,2003,Kos,Sulawesi Selatan,Bantaeng ,3.3,-,-,A,A,22,0,Tidak,Ujian Tes,SMA/SMAN,Negeri,-,-,-,S1/Sederajat,SMA/Sederajat,1,Tidak ada / Rahasia,,Rumah,4.0,Ya,Belajar dengan teman sebaya,Tidak Mengikuti Online Course / Tidak Menggunakan Platform Belajar Online,Daring,3.0,1-3,Instagram,5-10,Strategi,Organisasi Keahlian,Penalaran dan Keilmuan,<15,Tidak,,
Sistem Informasi Manajemen,Perempuan,28 MARET 2002,Kos,Jawa Barat,CIREBON,3.34,3.31,3.34,A,B+,23,0,Tidak,Seleksi Rapot,SMA/SMAN,Negeri,-,-,-,SMP/Sederajat,SMP/Sederajat,3,Ayah,2.000.000 - 4.000.000,Rumah,4.0,Tidak,Belajar dengan teman sebaya,Tidak Mengikuti Online Course / Tidak Menggunakan Platform Belajar Online,Luring,3.0,0,"Instagram, Facebook, Twitter, Tiktok",3-5,"Aksi, Strategi, Teka-teki",Organisasi Sosial,AKSAMALA,<15,Tidak,<10,Freelance
Sistem Informasi Manajemen,Laki-laki,2003,Bersama Orang Tua,DKI Jakarta,Kota Jakarta Pusat,3.41,3.31,3.45,C+,B,22 SKS,1,Tidak,UTBK,SMA/SMAN,Negeri,-,-,89,SMA/Sederajat,SMA/Sederajat,3,Kakak,8.000.000 - 40.000.000,Rumah,4.0,Ya,Mereview materi yang disediakan,Tidak Mengikuti Online Course / Tidak Menggunakan Platform Belajar Online,Luring,3.0,1-3,"Instagram, Twitter, Tiktok",3-5,Tidak Bermain Game,Tidak Mengikuti Organisasi,Kesenian,30-60,Tidak,,
Sistem Informasi Manajemen,Perempuan,2003,Kos,DKI Jakarta,SMA 39 Jakarta,3.17,-,-,C+,B+,22,0,Tidak,Seleksi Rapot,SMA/SMAN,Negeri,-,-,80,S1/Sederajat,SMA/Sederajat,1,Ibu,8.000.000 - 40.000.000,Rumah,4.0,Ya,Mereview materi yang disediakan,"Coursera, Ruangguru",Luring,3.0,0,"Instagram, Tiktok",5-10,Petualangan,Himpunan Mahasiswa,Penalaran dan Keilmuan,<15,Tidak,,
Sains Data dan Pembelajaran Mesin dalam Geofisika,Perempuan,2003,Kos,Jawa Tengah,SMAN 1 KARTASURA ,3.82,3.88,3.81,A-,A,21,0,Tidak,Seleksi Rapot,SMA/SMAN,Negeri,-,-,92,SMA/Sederajat,SMA/Sederajat,1,Tidak ada / Rahasia,4.000.000 - 8.000.000,Rumah,2.0,Ya,"Melihat tutorial diluar materi (video youtube, forum belajar online)",Tidak Mengikuti Online Course / Tidak Menggunakan Platform Belajar Online,Luring,3.0,1-3,Instagram,<1,"Petualangan, Teka-teki",Himpunan Mahasiswa,Tidak Mengikuti Kegiatan UKM,15-30,Tidak,,
Sains Data dan Pembelajaran Mesin dalam Geofisika,Perempuan,2003,Bersama Orang Tua,Jawa Barat,Kota Depok,3.73,3.68,3.86,A-,B+,21,0,Tidak,Seleksi Rapot,SMA/SMAN,Negeri,-,-,-,D1-D3,S1/Sederajat,2,Ayah,8.000.000 - 40.000.000,Rumah,3.0,Ya,Menulis rangkuman materi yang telah dijelaskan,Tidak Mengikuti Online Course / Tidak Menggunakan Platform Belajar Online,Luring,4.0,1-3,"Instagram, Twitter, Tiktok",5-10,"Petualangan, Teka-teki",Organisasi Keahlian,Kesenian,30-60,Tidak,,
Sains Data dan Pembelajaran Mesin dalam Geofisika,Perempuan,2001,Kos,Sulawesi Tengah,Tolitoli,3.59,3.61,3.67,B+,A-,21 sks,0,Tidak,Seleksi Rapot,SMA/SMAN,Negeri,-,-,89,SMA/Sederajat,S2/Sederajat,2,Ibu,4.000.000 - 8.000.000,Kontrakan,3.0,Ya,"Melihat tutorial diluar materi (video youtube, forum belajar online)","Ruangguru, Zenius",Luring,4.0,0,"Instagram, Twitter",1-3,Tidak Bermain Game,Himpunan Mahasiswa,Tidak Mengikuti Kegiatan UKM,<15,Tidak,,Magang/Intern
Sains Data dan Pembelajaran Mesin dalam Geofisika,Perempuan,2003,Kos,Papua Barat,SMA Negeri 1 Fakfak,3.18,-,-,B,B,21,0,Tidak,Seleksi Rapot,SMA/SMAN,Negeri,-,-,93,SMA/Sederajat,S1/Sederajat,2,Ayah,4.000.000 - 8.000.000,Rumah,2.0,Ya,Belajar dengan teman sebaya,English academy,Daring,5.0,0,"Instagram, Facebook, Twitter, Tiktok",3-5,Tidak Bermain Game,"Himpunan Mahasiswa, Organisasi Keahlian",Olahraga,<15,Tidak,<10,Tidak bekerja
Sains Data dan Pembelajaran Mesin dalam Geofisika,Laki-laki,2003,Bersama Orang Tua,Jawa Barat,Depok,3.21,-,-,C,B,22,0,Tidak,Seleksi Rapot,SMA/SMAN,Swasta,-,-,85,D1-D3,S1/Sederajat,3,Tidak ada / Rahasia,8.000.000 - 40.000.000,Rumah,4.0,Ya,Belajar dengan teman sebaya,Tidak Mengikuti Online Course / Tidak Menggunakan Platform Belajar Online,Daring,2.0,0,"Instagram, Facebook, Twitter, Tiktok",5-10,"Aksi, Strategi, Multiplayer",Himpunan Mahasiswa,Olahraga,15-30,Tidak,>45,Freelance
Sains Data dan Pembelajaran Mesin dalam Geofisika,Laki-laki,2003,Apartemen,Jawa Timur,Gresik,2.79,-,-,B,B,20,0,Tidak,Seleksi Rapot,SMA/SMAN,Swasta,-,-,89,S1/Sederajat,S1/Sederajat,1,Tidak ada / Rahasia,8.000.000 - 40.000.000,Rumah,1.0,Ya,"Melihat tutorial diluar materi (video youtube, forum belajar online)",,Daring,5.0,0,Twitter,3-5,Petualangan,Himpunan Mahasiswa,Olahraga,15-30,Ya,<10,Pekebun
Sains Data dan Pembelajaran Mesin dalam Geofisika,Laki-laki,2002,Kos,Jawa Barat,Ciamis,3.49,3.48,3.53,B-,A-,21,0,Tidak,Seleksi Rapot,SMA/SMAN,Negeri,-,-,98,SMA/Sederajat,SMA/Sederajat,3,Ibu,8.000.000 - 40.000.000,Rumah,3.0,Ya,Menulis rangkuman materi yang telah dijelaskan,Tidak Mengikuti Online Course / Tidak Menggunakan Platform Belajar Online,Luring,3.0,0,Instagram,1-3,"Aksi, Petualangan, Strategi",Himpunan Mahasiswa,Tidak Mengikuti Kegiatan UKM,30-60,Tidak,,
Sains Data dan Pembelajaran Mesin dalam Geofisika,Perempuan,2003,Kos,Kalimantan Timur,balikpapan,3.67,3.39,3.75,A,A-,23,0,Tidak,Seleksi Rapot,SMA/SMAN,Swasta,-,-,99,S1/Sederajat,S2/Sederajat,2,Ayah,> 40.000.000,Rumah,3.0,Tidak,Menulis rangkuman materi yang telah dijelaskan,Tidak Mengikuti Online Course / Tidak Menggunakan Platform Belajar Online,Luring,2.0,0,Instagram,>10,Tidak Bermain Game,Tidak Mengikuti Organisasi,Tidak Mengikuti Kegiatan UKM,<15,Tidak,,tidak bekerja
Sains Data dan Pembelajaran Mesin dalam Geofisika,Laki-laki,2003,Bersama Orang Tua,Jawa Barat,Bogor,2.91,2.89,2.68,B-,B,20,0,Tidak,UTBK,SMA/SMAN,Negeri,553.36,-,87,SMA/Sederajat,SMA/Sederajat,1,Ayah,4.000.000 - 8.000.000,Rumah,3.0,Tidak,Belajar dengan teman sebaya,Tidak Mengikuti Online Course / Tidak Menggunakan Platform Belajar Online,Luring,3.0,1-3,Instagram,5-10,"Olahraga, Multiplayer",Himpunan Mahasiswa,Olahraga,60-120,Tidak,<10,Berdagang/Berjualan
Sains Data dan Pembelajaran Mesin dalam Geofisika,Perempuan,2003,Kos,Sulawesi Tenggara,Muna Barat,3.49,3.44,3.65,B+,B+,21,0,Tidak,Seleksi Rapot,SMA/SMAN,Negeri,-,87.43,88,S1/Sederajat,S1/Sederajat,4,Kakak,2.000.000 - 4.000.000,Rumah,2.0,Ya,"Melihat tutorial diluar materi (video youtube, forum belajar online)",Tidak Mengikuti Online Course / Tidak Menggunakan Platform Belajar Online,Luring,4.0,0,Tiktok,1-3,Teka-teki,Himpunan Mahasiswa,Olahraga,<15,Tidak,,
Sains Data dan Pembelajaran Mesin dalam Geofisika,Laki-laki,2003,Kos,DKI Jakarta,Jakarta Timur,3.72,3.74,3.62,A-,A-,21,0,Tidak,Seleksi Rapot,SMA/SMAN,Negeri,539.26,30.40,93,SMA/Sederajat,S2/Sederajat,3,Ibu,8.000.000 - 40.000.000,Rumah,3.0,Ya,"Melihat tutorial diluar materi (video youtube, forum belajar online)",RevoU,Luring,3.0,0,"Instagram, Twitter, Tiktok",3-5,"Strategi, Teka-teki, Olahraga, Multiplayer","Himpunan Mahasiswa, Organisasi Keahlian",Inovasi Energi & futsal,15-30,Tidak,20-45,Part-Time
Sains Data dan Pembelajaran Mesin dalam Geofisika,Laki-laki,2003,Asrama,Sulawesi Tengah,Kota Palu,3.73,3.69,3.79,A-,A-,21,0,Ya,Beasiswa Undangan Universitas Pertamina,MA/MAN,Negeri,-,-,89,SMA/Sederajat,S1/Sederajat,1,Tidak ada / Rahasia,< 2.000.000,Tinggal dengan keluarga besar,3.0,Ya,Belajar dengan teman sebaya,Tidak Mengikuti Online Course / Tidak Menggunakan Platform Belajar Online,Luring,3.0,1-3,"Instagram, Twitter, Tiktok",3-5,Tidak Bermain Game,"Organisasi Keahlian, Student Chapter/Organisasi Keprofesian",Tidak Mengikuti Kegiatan UKM,15-30,Ya,<10,Freelance
Sains Data dan Pembelajaran Mesin dalam Geofisika,Perempuan,2003,Kos,Kalimantan Timur,Balikpapan,3.94,3.95,3.96,A,A,23,0,Ya,Seleksi Rapot,SMA/SMAN,Swasta,-,-,90,SMA/Sederajat,S1/Sederajat,1,Tidak ada / Rahasia,8.000.000 - 40.000.000,Rumah,2.0,Ya,Mereview materi yang disediakan,Tidak Mengikuti Online Course / Tidak Menggunakan Platform Belajar Online,Luring,2.0,0,"Instagram, Tiktok",3-5,Tidak Bermain Game,Tidak Mengikuti Organisasi,Tidak Mengikuti Kegiatan UKM,<15,Tidak,,Tidak bekerja
Sains Data dan Pembelajaran Mesin dalam Geofisika,Perempuan,2003,Bersama Orang Tua,Jawa Barat,Kota Depok,3.76,3.72,-,A,A-,21,0,Tidak,Ujian Tes,SMA/SMAN,Swasta,550.26,-,97,SMA/Sederajat,SMA/Sederajat,1,Tidak ada / Rahasia,8.000.000 - 40.000.000,Rumah,3.0,Tidak,"Melihat tutorial diluar materi (video youtube, forum belajar online)",Tidak Mengikuti Online Course / Tidak Menggunakan Platform Belajar Online,Luring,4.0,1-3,"Instagram, Twitter",1-3,"Aksi, Petualangan, Strategi, Teka-teki",Himpunan Mahasiswa,"Kesenian, Penalaran dan Keilmuan",<15,Tidak,,
Sains Data dan Pembelajaran Mesin dalam Geofisika,Laki-laki,2003,Bersama Orang Tua,Jawa Barat,Kabupaten Bogor,2.89,-,2.87,C,B,20,0,Tidak,Seleksi Rapot,SMA/SMAN,Negeri,-,-,-,SMA/Sederajat,SMA/Sederajat,3,Tidak ada / Rahasia,8.000.000 - 40.000.000,Rumah,2.0,Tidak,"Melihat tutorial diluar materi (video youtube, forum belajar online)",Tidak Mengikuti Online Course / Tidak Menggunakan Platform Belajar Online,Luring,2.0,1-3,"Instagram, Tiktok",3-5,Olahraga,Tidak Mengikuti Organisasi,Tidak Mengikuti Kegiatan UKM,60-120,Ya,10-20,Berdagang/Berjualan
Sains Data dan Pembelajaran Mesin dalam Geofisika,Laki-laki,2003,Bersama Orang Tua,DKI Jakarta,jakarta,2.38,“-“,2.64,C,B,,1,Tidak,Seleksi Rapot,SMK/SMKN,Swasta,“-“,“-“,80,SMA/Sederajat,SMA/Sederajat,0,Tidak ada / Rahasia,4.000.000 - 8.000.000,Rumah,2.0,Ya,Belajar dengan teman sebaya,Tidak Mengikuti Online Course / Tidak Menggunakan Platform Belajar Online,Luring,2.0,1-3,Instagram,1-3,"Aksi, Strategi, Olahraga",Himpunan Mahasiswa,Olahraga,30-60,Tidak,,
Sains Data dan Pembelajaran Mesin dalam Geofisika,Laki-laki,2004,Kos,Sulawesi Utara,Kota Tomohon,3.06,2.91,-,C+,B+,23,0,Tidak,Hasil SNBP,SMA/SMAN,Swasta,-,-,-,S1/Sederajat,S1/Sederajat,2,Ayah,4.000.000 - 8.000.000,Rumah,3.0,Ya,Mereview materi yang disediakan,Tidak Mengikuti Online Course / Tidak Menggunakan Platform Belajar Online,Luring,1.0,0,"Instagram, Facebook, Tiktok",5-10,"Aksi, Multiplayer",Himpunan Mahasiswa,Olahraga,15-30,Tidak,,
Sains Data dan Pembelajaran Mesin dalam Geofisika,Laki-laki,13 januari 2004,Kos,Sumatera Utara,kota medan,-,-,-,B+,A,17,2,Tidak,Seleksi Rapot,SMA/SMAN,Swasta,-,-,90-95,S1/Sederajat,S1/Sederajat,4,Ayah,8.000.000 - 40.000.000,Rumah,2.0,Ya,Mereview materi yang disediakan,Tidak Mengikuti Online Course / Tidak Menggunakan Platform Belajar Online,Daring,5.0,1-3,"Instagram, Tiktok",>10,Olahraga,oeganisasi masyarakat,Olahraga,15-30,Tidak,,
Sains Data dan Pembelajaran Mesin dalam Geofisika,Laki-laki,2003,Kontrakan,Sulawesi Selatan,Luwu timur,2.63,2.71,2.63,C,B-,20,0,Tidak,Seleksi Rapot,SMA/SMAN,Negeri,-,-,,SMA/Sederajat,S1/Sederajat,1,Tidak ada / Rahasia,,Rumah,2.0,Ya,Belajar dengan teman sebaya,Tidak Mengikuti Online Course / Tidak Menggunakan Platform Belajar Online,Daring,2.0,,Tidak Menggunakan Sosial Media,<1,Teka-teki,Himpunan Mahasiswa,Olahraga,15-30,Tidak,,
Sains Data dan Pembelajaran Mesin dalam Geofisika,Perempuan,2004,Kos,Jawa Timur,Mojokerto,3.67,3.46,3.78,B+,B+,21,0 (nol),Tidak,Seleksi Rapot,MA/MAN,Swasta,-,-,97,D1-D3,SMA/Sederajat,1,Orang tua,4.000.000 - 8.000.000,Rumah,3.0,Ya,"Melihat tutorial diluar materi (video youtube, forum belajar online)",Tidak Mengikuti Online Course / Tidak Menggunakan Platform Belajar Online,Luring,5.0,4-10,"Instagram, Twitter, Tiktok",3-5,Teka-teki,Himpunan Mahasiswa,Penalaran dan Keilmuan,<15,Tidak,<10,Magang/Intern
Sains Data dan Pembelajaran Mesin dalam Geofisika,Perempuan,2002,Kos,DKI Jakarta,Jakarta Utara,3.58,-,-,B,A-,22,0,Tidak,Seleksi Rapot,SMA/SMAN,Negeri,-,-,82,S1/Sederajat,S1/Sederajat,2,Tidak ada / Rahasia,8.000.000 - 40.000.000,Rumah,3.0,Ya,Belajar dengan teman sebaya,Tidak Mengikuti Online Course / Tidak Menggunakan Platform Belajar Online,Luring,2.0,1-3,"Twitter, Tiktok",1-3,"Petualangan, Teka-teki",Himpunan Mahasiswa,Tidak Mengikuti Kegiatan UKM,<15,Tidak,,
Sains Data dan Pembelajaran Mesin dalam Geofisika,,,Kos,Jawa Timur,Malang,3.8,3.8,3.8,A,B+,80,0,Ya,Jalur undangan,SMA/SMAN,Negeri,-,-,-,SMA/Sederajat,SMA/Sederajat,1,Kakak,,Rumah,3.0,Ya,"Melihat tutorial diluar materi (video youtube, forum belajar online)",Ruangguru,Luring,4.0,1-3,Instagram,3-5,Teka-teki,"Himpunan Mahasiswa, Organisasi Sosial",Kesenian,15-30,Tidak,,
Sains Data dan Pembelajaran Mesin dalam Geofisika,Perempuan,2003,Kos,Riau,Pekanbaru,"1,79",-,-,C,B,20,1,Tidak,Seleksi Rapot,SMA/SMAN,Negeri,-,-,86,SMA/Sederajat,SMA/Sederajat,3,Ayah,8.000.000 - 40.000.000,Rumah,3.0,Ya,Mereview materi yang disediakan,"Ruangguru, Zenius",Luring,1.0,0,"Instagram, Tiktok",1-3,Tidak Bermain Game,Himpunan Mahasiswa,Tidak Mengikuti Kegiatan UKM,15-30,Tidak,<10,Magang/Intern
Sains Data dan Pembelajaran Mesin dalam Geofisika,Perempuan,2003,Kos,Maluku Utara,sman 1 kota ternate,3.43,3.44,3.70,C+,B,21,0,Tidak,Seleksi Rapot,SMA/SMAN,Negeri,-,-,93,SMA/Sederajat,S1/Sederajat,3,Ayah,8.000.000 - 40.000.000,Rumah,3.0,Ya,"Melihat tutorial diluar materi (video youtube, forum belajar online)",Tidak Mengikuti Online Course / Tidak Menggunakan Platform Belajar Online,Luring,4.0,0,"Instagram, Twitter, Tiktok",1-3,"Petualangan, Strategi","Himpunan Mahasiswa, Organisasi Keahlian",Tidak Mengikuti Kegiatan UKM,15-30,Tidak,,
Sains Data dan Pembelajaran Mesin dalam Geofisika,Perempuan,26 Maret 2003,Kos,Jawa Timur,Trenggalek,3.68,3.73,3.78,B-,A,21,0,Tidak,Seleksi Rapot,MA/MAN,Negeri,-,-,89,SMA/Sederajat,SMA/Sederajat,2,Ayah,4.000.000 - 8.000.000,Rumah,1.0,Tidak,Menulis rangkuman materi yang telah dijelaskan,"Coursera, Zenius",Luring,3.0,0,"Instagram, Twitter, Tiktok",5-10,Tidak Bermain Game,Himpunan Mahasiswa,Kesenian,<15,Tidak,,
Sains Data dan Pembelajaran Mesin dalam Geofisika,Perempuan,2002,Kos,Jawa Timur,Banyuwangi,3.89,3.93,3.88,A,80,21,0,Ya,Seleksi Rapot,SMA/SMAN,Negeri,560,31.85,90,SMA/Sederajat,SMA/Sederajat,0,Ibu,8.000.000 - 40.000.000,Rumah,2.0,Ya,"Melihat tutorial diluar materi (video youtube, forum belajar online)",Dicoding,Luring,4.0,1-3,"Instagram, Tiktok",3-5,Tidak Bermain Game,Himpunan Mahasiswa,Tidak Mengikuti Kegiatan UKM,<15,Tidak,<10,Tidak bekerja
Sains Data dan Pembelajaran Mesin dalam Geofisika,Perempuan,2003,Kos,Jawa Timur,Krian-Kabupaten Sidoarjo,3.75,3.88,3.76,A,B+,21,0,Tidak,Seleksi Rapot,SMA/SMAN,Swasta,551.43,-,92,SMA/Sederajat,SD/Sederajat,4,Tidak ada / Rahasia,4.000.000 - 8.000.000,Rumah,3.0,Ya,Mereview materi yang disediakan,Tidak Mengikuti Online Course / Tidak Menggunakan Platform Belajar Online,Daring,3.0,1-3,Instagram,5-10,Tidak Bermain Game,Himpunan Mahasiswa,Tidak Mengikuti Kegiatan UKM,<15,Tidak,,
Sains Data dan Pembelajaran Mesin dalam Geofisika,Laki-laki,2003,Kos,Jawa Tengah,Purwokerto,3.28,3.29,3.36,"""_""","""_""",22,0 (nol),Tidak,Seleksi Rapot,SMA/SMAN,Negeri,"""_""","""_""","""_""",SMA/Sederajat,SMA/Sederajat,1,Ibu,4.000.000 - 8.000.000,Rumah,3.0,Ya,Belajar dengan teman sebaya,Tidak Mengikuti Online Course / Tidak Menggunakan Platform Belajar Online,Daring,3.0,0,Instagram,3-5,Multiplayer,Himpunan Mahasiswa,Tidak Mengikuti Kegiatan UKM,15-30,Tidak,10-20,Freelance
Sains Data dan Pembelajaran Mesin dalam Geofisika,Laki-laki,2003,Bersama Orang Tua,Jawa Barat,Bekasi,3.21,3.24,3.34,C+,A,22,0,Tidak,Seleksi Rapot,SMA/SMAN,Negeri,-,34.25,88,S1/Sederajat,S1/Sederajat,1,Ayah,8.000.000 - 40.000.000,Rumah,3.0,Ya,"Melihat tutorial diluar materi (video youtube, forum belajar online)",Tidak Mengikuti Online Course / Tidak Menggunakan Platform Belajar Online,Daring,3.0,0,"Instagram, Twitter, Tiktok",3-5,"Aksi, Petualangan, Strategi, Teka-teki, Multiplayer",Himpunan Mahasiswa,Tidak Mengikuti Kegiatan UKM,60-120,Tidak,<10,Part-Time
Sains Data dan Pembelajaran Mesin dalam Geofisika,Laki-laki,2001,Bersama Orang Tua,Jawa Barat,Kab.Bogor,3,3.19,3.1,C,B+,20 SKS,0,Tidak,Ujian Tes,SMA/SMAN,Negeri,"""-""",32.40,8.50,SMA/Sederajat,S1/Sederajat,3,Ayah,8.000.000 - 40.000.000,Rumah,2.0,Ya,Mereview materi yang disediakan,Tidak Mengikuti Online Course / Tidak Menggunakan Platform Belajar Online,Luring,3.0,0,"Instagram, Tiktok",5-10,"Petualangan, Teka-teki",Himpunan Mahasiswa,Olahraga,15-30,Tidak,<10,Part-Time
Sains Data dan Pembelajaran Mesin dalam Geofisika,Perempuan,2002,Kos,Jawa Timur,Tulungagung,3.65,3.9,3.57,B,A,21,0,Tidak,Seleksi Rapot,SMA/SMAN,Negeri,-,-,-,S1/Sederajat,S1/Sederajat,0,Ibu,4.000.000 - 8.000.000,Rumah,1.0,Ya,Mereview materi yang disediakan,Tidak Mengikuti Online Course / Tidak Menggunakan Platform Belajar Online,Luring,3.0,0,Instagram,5-10,Tidak Bermain Game,"Himpunan Mahasiswa, Organisasi Keahlian",Kesenian,<15,Tidak,,
Sains Data dan Pembelajaran Mesin dalam Geofisika,Perempuan,2003,Bersama Orang Tua,DKI Jakarta,DKI Jakarta ,3.52,3.36,3.38,B-,A-,21,0,Tidak,Seleksi Rapot,SMK/SMKN,Swasta,-,-,-,SMA/Sederajat,S1/Sederajat,0,Tidak ada / Rahasia,8.000.000 - 40.000.000,Rumah,4.0,Ya,Belajar dengan teman sebaya,Tidak Mengikuti Online Course / Tidak Menggunakan Platform Belajar Online,Luring,4.0,1-3,"Twitter, Tiktok",5-10,Petualangan,Organisasi Keprofesian ,Olahraga,60-120,Tidak,,
Sains Data dan Pembelajaran Mesin dalam Geofisika,Perempuan,2003,Bersama Orang Tua,Jawa Barat,Kota Depok,3.65,-,3.68,B,B+,21,0,Tidak,Seleksi Rapot,SMA/SMAN,Negeri,-,-,89,SMA/Sederajat,SMA/Sederajat,2,Tidak ada / Rahasia,4.000.000 - 8.000.000,Rumah dinas,3.0,Ya,Belajar dengan teman sebaya,Tidak Mengikuti Online Course / Tidak Menggunakan Platform Belajar Online,Luring,3.0,0,Twitter,5-10,Aksi,Himpunan Mahasiswa,Tidak Mengikuti Kegiatan UKM,60-120,Tidak,<10,Part-Time
Sains Data dan Pembelajaran Mesin dalam Geofisika,Perempuan,2003,Bersama Orang Tua,Jawa Barat,Depok,3.74,3.66,3.90,B+,A-,23,0,Tidak,Seleksi Rapot,SMA/SMAN,Negeri,531,-,,S1/Sederajat,S1/Sederajat,2,Tidak ada / Rahasia,8.000.000 - 40.000.000,Rumah,1.0,Ya,Mereview materi yang disediakan,Tidak Mengikuti Online Course / Tidak Menggunakan Platform Belajar Online,Luring,2.0,0,"Instagram, Twitter",3-5,"Aksi, Petualangan, Strategi, Multiplayer",Himpunan Mahasiswa,Tidak Mengikuti Kegiatan UKM,60-120,Ya,<10,Freelance
Sains Data dan Pembelajaran Mesin dalam Geofisika,Perempuan,2003,Kos,Jawa Tengah,Purbalingga,3.42,3.19,3.67,C,A,22,0,Tidak,Seleksi Rapot,SMA/SMAN,Negeri,-,-,90,SMA/Sederajat,SMA/Sederajat,1,Tidak ada / Rahasia,4.000.000 - 8.000.000,Rumah,2.0,Ya,Mereview materi yang disediakan,"Coursera, Udemy, Sololearn, Ruangguru, Zenius",Luring,4.0,1-3,"Instagram, Twitter",3-5,Olahraga,"Himpunan Mahasiswa, Organisasi Sosial",Olahraga,<15,Ya,<10,Berdagang/Berjualan
Sains Data dan Pembelajaran Mesin dalam Geofisika,Laki-laki,2003,Kos,Papua Barat Daya,Sorong,3.83,3.66,3.97,A,B,80,0,Ya,Seleksi Rapot,MA/MAN,Negeri,-,-,96,SMA/Sederajat,SMP/Sederajat,3,Ayah,< 2.000.000,Rumah,4.0,Ya,"Melihat tutorial diluar materi (video youtube, forum belajar online)",Tidak Mengikuti Online Course / Tidak Menggunakan Platform Belajar Online,Luring,5.0,1-3,"Instagram, Facebook",5-10,Teka-teki,Himpunan Mahasiswa,Penalaran dan Keilmuan,15-30,Ya,10-20,Magang/Intern
Sains Data dan Pembelajaran Mesin dalam Geofisika,Laki-laki,2003,Kos,Sumatera Utara,Tapanuli Selatan ,3.70,3.63,3.80,A-,A-,21,0 (nol),Tidak,APERTI BUMN,MA/MAN,Negeri,540,-,95,SMA/Sederajat,SMA/Sederajat,>4,Ayah,4.000.000 - 8.000.000,Rumah,2.0,Tidak,Belajar dengan teman sebaya,Tidak Mengikuti Online Course / Tidak Menggunakan Platform Belajar Online,Luring,3.0,1-3,"Instagram, Tiktok",5-10,Olahraga,"Himpunan Mahasiswa, Organisasi Keagamaan, Organisasi Sosial",Keagamaan,<15,Tidak,,Asisten Kuliah
Sains Data dan Pembelajaran Mesin dalam Geofisika,Laki-laki,2003,Bersama Orang Tua,Jawa Barat,Bogor,3.38,3.56,3.28,C+,A,22,0,Tidak,Seleksi Rapot,SMA/SMAN,Swasta,-,-,-,SMA/Sederajat,STM,1,Ayah,4.000.000 - 8.000.000,Rumah,3.0,Ya,Mereview materi yang disediakan,Tidak Mengikuti Online Course / Tidak Menggunakan Platform Belajar Online,Luring,3.0,1-3,Instagram,3-5,"Strategi, Olahraga",Himpunan Mahasiswa,Tidak Mengikuti Kegiatan UKM,60-120,Tidak,,
Sains Data dan Pembelajaran Mesin dalam Geofisika,Laki-laki,2003,Kos,Riau,Duri,3.88,3.90,3.84,A,A,21,0,Tidak,Seleksi Rapot,SMA/SMAN,Negeri,-,-,90,S1/Sederajat,S1/Sederajat,3,Ayah,4.000.000 - 8.000.000,Rumah,4.0,Tidak,Mereview materi yang disediakan,Tidak Mengikuti Online Course / Tidak Menggunakan Platform Belajar Online,Luring,4.0,1-3,Facebook,1-3,Strategi,"Himpunan Mahasiswa, Organisasi Keagamaan","Penalaran dan Keilmuan, Keagamaan",<15,Tidak,,
Sains Data dan Pembelajaran Mesin dalam Geofisika,Laki-laki,2001,Kos,Sumatera Utara,Sibolga,2.94,-,-,B-,C+,14,0,Tidak,UTBK,SMA/SMAN,Negeri,-,-,- (lupa),S1/Sederajat,SMA/Sederajat,>4,Ibu,2.000.000 - 4.000.000,Rumah,3.0,Ya,Belajar dengan teman sebaya,Tidak Mengikuti Online Course / Tidak Menggunakan Platform Belajar Online,Luring,5.0,0,Instagram,3-5,Multiplayer,Himpunan Mahasiswa,Olahraga,<15,Tidak,,
Sains Data dan Pembelajaran Mesin dalam Geofisika,Perempuan,2002,Kos,Jawa Barat,Kota Bandung,3.7,-,3.8,A-,B+,21,0,Tidak,UTBK,SMA/SMAN,Swasta,-,-,-,D1-D3,S2/Sederajat,2,Tidak ada / Rahasia,8.000.000 - 40.000.000,Rumah,3.0,Ya,"Melihat tutorial diluar materi (video youtube, forum belajar online)",Tidak Mengikuti Online Course / Tidak Menggunakan Platform Belajar Online,Luring,3.0,0,Instagram,1-3,Tidak Bermain Game,Himpunan Mahasiswa,Tidak Mengikuti Kegiatan UKM,<15,Tidak,,
Praktikum Pembelajaran Mesin Prodi Ilmu Komputer,Laki-laki,2002,Kos,Kalimantan Timur,Samarinda,3.33,3.5,3.33,B-,A,24,0,Ya,Beasiswa Undangan,SMA/SMAN,Negeri,-,-,-,S1/Sederajat,S1/Sederajat,0,Paman,2.000.000 - 4.000.000,Rumah,4.0,Ya,"Melihat tutorial diluar materi (video youtube, forum belajar online)",Udemy,Daring,3.0,1-3,"Instagram, Tiktok",3-5,"Aksi, Strategi, Multiplayer",Himpunan Mahasiswa,Olahraga,<15,Ya,10-20,Magang/Intern
Praktikum Pembelajaran Mesin Prodi Ilmu Komputer,Perempuan,2000,Bersama Orang Tua,DKI Jakarta,Jakarta Selatan,3.65,3.79,3.58,A,B+,17,0,Tidak,UTBK,SMA/SMAN,Negeri,-,-,-,D1-D3,SMA/Sederajat,2,Tidak ada / Rahasia,2.000.000 - 4.000.000,Rumah Nenek,4.0,Tidak,"Melihat tutorial diluar materi (video youtube, forum belajar online)",Tidak Mengikuti Online Course / Tidak Menggunakan Platform Belajar Online,Luring,3.0,1-3,"Instagram, Twitter",5-10,"Strategi, Teka-teki",Himpunan Mahasiswa,Tidak Mengikuti Kegiatan UKM,>120,Ya,<10,Magang/Intern
Praktikum Pembelajaran Mesin Prodi Ilmu Komputer,Laki-laki,2001,Bersama Orang Tua,DKI Jakarta,Jakarta Barat,2.73,-,3.11,B,B+,22,0,Tidak,UTBK,SMK/SMKN,Swasta,-,-,-,SMA/Sederajat,SMA/Sederajat,1,Tidak ada / Rahasia,4.000.000 - 8.000.000,Rumah,3.0,Ya,Belajar dengan teman sebaya,Tidak Mengikuti Online Course / Tidak Menggunakan Platform Belajar Online,Luring,3.0,1-3,"Facebook, WhatsApp, YouTube",>10,"Aksi, Petualangan, Strategi, Teka-teki, Olahraga, Multiplayer","Himpunan Mahasiswa, Ukm",Olahraga,30-60,Ya,<10,Berdagang/Berjualan
Praktikum Pembelajaran Mesin Prodi Ilmu Komputer,Laki-laki,18 Juli 2001,Bersama Orang Tua,Jawa Barat,Subang,2.89,2.89,2.68,B-,B+,20,3,Tidak,Seleksi Rapot,SMA/SMAN,Negeri,-,-,,S1/Sederajat,D1-D3,2,Ibu,8.000.000 - 40.000.000,Rumah,3.0,Tidak,"Melihat tutorial diluar materi (video youtube, forum belajar online)",Tidak Mengikuti Online Course / Tidak Menggunakan Platform Belajar Online,Daring,1.0,0,Facebook,1-3,"Aksi, Petualangan, Strategi, Teka-teki, Multiplayer","Himpunan Mahasiswa, Organisasi Sosial",Olahraga,30-60,Tidak,,
Praktikum Pembelajaran Mesin Prodi Ilmu Komputer,Perempuan,2002,Kos,Jawa Barat,Bogor,3.1,3.10,2.90,B+,B+,22,0,Tidak,Hasil nilai UTBK,MA/MAN,Negeri,-,-,93,S1/Sederajat,SMA/Sederajat,1,Ayah dan Ibu,,Rumah,3.0,Ya,Menulis rangkuman materi yang telah dijelaskan,Tidak Mengikuti Online Course / Tidak Menggunakan Platform Belajar Online,Luring,3.0,0,Tidak Menggunakan Sosial Media,<1,Teka-teki,Tidak Mengikuti Organisasi,Tidak Mengikuti Kegiatan UKM,<15,Tidak,,
Praktikum Pembelajaran Mesin Prodi Ilmu Komputer,Perempuan,2003,Kos,Sumatera Utara,Medan,3.01,-,-,B,B,22,1,Tidak,Seleksi Rapot,SMA/SMAN,Negeri,-,-,95,SMA/Sederajat,SMA/Sederajat,4,Ibu,2.000.000 - 4.000.000,Rumah,3.0,Ya,"Melihat tutorial diluar materi (video youtube, forum belajar online)",Yt,Luring,3.0,1-3,"Instagram, Twitter",1-3,"Aksi, Teka-teki, Multiplayer",Organisasi Keagamaan,Keagamaan,15-30,Tidak,<10,-
Praktikum Pembelajaran Mesin Prodi Ilmu Komputer,Laki-laki,2001,Bersama Orang Tua,Jawa Barat,Bekasi,2.7,2.3,2.1,C,B+,19,0,Tidak,Seleksi Rapot,SMA/SMAN,Negeri,-,-,83,D1-D3,S1/Sederajat,1,Ibu,< 2.000.000,Rumah,3.0,Ya,"Melihat tutorial diluar materi (video youtube, forum belajar online)",Tidak Mengikuti Online Course / Tidak Menggunakan Platform Belajar Online,Luring,3.0,1-3,Tidak Menggunakan Sosial Media,,"Aksi, Strategi, Teka-teki",Tidak Mengikuti Organisasi,Olahraga,60-120,Ya,10-20,Part-Time
Praktikum Pembelajaran Mesin Prodi Ilmu Komputer,Laki-laki,2001,Kos,Bali,Denpasar,3.3,-,2.9,B,A,100,0,Tidak,Ujian Tes,SMA/SMAN,Swasta,580,-,79,S1/Sederajat,S1/Sederajat,1,Ayah,8.000.000 - 40.000.000,Rumah,3.0,Ya,"Melihat tutorial diluar materi (video youtube, forum belajar online)","Udemy, myskill",Luring,3.0,0,Tiktok,3-5,"Olahraga, Multiplayer",Tidak Mengikuti Organisasi,Penalaran dan Keilmuan,<15,Tidak,,
Praktikum Pembelajaran Mesin Prodi Ilmu Komputer,Laki-laki,2001,Bersama Orang Tua,DKI Jakarta,SMAN 27 Jakarta,3.59,3.59,3.34,A,B,131,0,Tidak,Seleksi Rapot,SMA/SMAN,Negeri,-,-,96,S1/Sederajat,S1/Sederajat,1,Kakak,< 2.000.000,Rumah,2.0,Ya,Mereview materi yang disediakan,"Hackerrank, SanberCode",Daring,2.0,1-3,"Instagram, Facebook, Twitter, Tiktok",1-3,"Strategi, Teka-teki, Multiplayer",Tidak Mengikuti Organisasi,Tidak Mengikuti Kegiatan UKM,60-120,Tidak,,
Praktikum Pembelajaran Mesin Prodi Ilmu Komputer,Perempuan,2002,Kos,Jambi,Kota Jambi,3.22,3.27,3.16,A-,B+,22,0,Ya,Ujian Tes,MA/MAN,Negeri,-,-,92,SMA/Sederajat,SMA/Sederajat,1,Tidak ada / Rahasia,< 2.000.000,Rumah,3.0,Ya,Menulis rangkuman materi yang telah dijelaskan,"Coursera, Udemy, Dicoding",Daring,4.0,4-10,"Instagram, Twitter",3-5,"Aksi, Petualangan, Strategi, Teka-teki, Multiplayer",Tidak Mengikuti Organisasi,Tidak Mengikuti Kegiatan UKM,<15,Ya,10-20,"Part-time, magang/intern & freelance"
Praktikum Pembelajaran Mesin Prodi Ilmu Komputer,Laki-laki,2002,Kos,Jawa Barat,MAN 2 Kota Bekasi,2.85,2.8,-,C+,B,19,0 (nol),Ya,Ujian Tes,MA/MAN,Negeri,-,-,90,D4/Sarjana Terapan,S1/Sederajat,2,Tidak ada / Rahasia,< 2.000.000,Rumah,4.0,Tidak,"Melihat tutorial diluar materi (video youtube, forum belajar online)",Tidak Mengikuti Online Course / Tidak Menggunakan Platform Belajar Online,Daring,5.0,4-10,"Instagram, WhatsApp ",>10,"Aksi, Petualangan, Strategi, Teka-teki, Olahraga, Multiplayer, Semua saya coba","Himpunan Mahasiswa, Organisasi Sosial",Penalaran dan Keilmuan,>120,Tidak,,
Praktikum Pembelajaran Mesin Prodi Ilmu Komputer,Laki-laki,2001,Kos,Sumatera Utara,Medan,2.73,2.83,3.19,C,B,16,6,Tidak,Ujian Tes,SMA/SMAN,Swasta,-,-,85,S1/Sederajat,S1/Sederajat,1,Ayah,8.000.000 - 40.000.000,Rumah,3.0,Ya,Belajar dengan teman sebaya,"Coursera, Dicoding",Luring,3.0,1-3,"Instagram, Twitter",1-3,Aksi,Tidak Mengikuti Organisasi,Olahraga,15-30,Tidak,,
Praktikum Pembelajaran Mesin Prodi Ilmu Komputer,Perempuan,2002,Kos,Riau,Pekanbaru,3.64,3.70,3.47,A,A,22,0,Tidak,Seleksi Rapot,SMA/SMAN,Swasta,-,-,90++ saya lupa,D1-D3,S1/Sederajat,3,Ayah,8.000.000 - 40.000.000,Rumah,2.0,Ya,Belajar dengan teman sebaya,Tidak Mengikuti Online Course / Tidak Menggunakan Platform Belajar Online,Daring,3.0,0,Instagram,3-5,Tidak Bermain Game,"Himpunan Mahasiswa, Organisasi Keagamaan",Keagamaan,<15,Tidak,,
Praktikum Pembelajaran Mesin Prodi Ilmu Komputer,Laki-laki,2002,Bersama Orang Tua,Jawa Barat,SMAN 5 TAMBUN SELATAN,3.12,3.16,2.96,B,B+,20,0,Tidak,Ujian Tes,SMA/SMAN,Negeri,-,-,-,SMA/Sederajat,S1/Sederajat,1,Ibu,2.000.000 - 4.000.000,Rumah,4.0,Tidak,Belajar dengan teman sebaya,Tidak Mengikuti Online Course / Tidak Menggunakan Platform Belajar Online,Luring,3.0,0,"Instagram, Twitter",3-5,"Aksi, Strategi, Multiplayer",Himpunan Mahasiswa,Tidak Mengikuti Kegiatan UKM,>120,Ya,<10,Freelance
Praktikum Pembelajaran Mesin Prodi Ilmu Komputer,Perempuan,2002,Kos,Jawa Timur,Banyuwangi ,3.75,3.83,3.75,A,A-,22,0,Ya,Ujian Tes,SMA/SMAN,Negeri,-,-,85,D4/Sarjana Terapan,S1/Sederajat,2,Ibu,4.000.000 - 8.000.000,Rumah,2.0,Ya,Belajar dengan teman sebaya,Tidak Mengikuti Online Course / Tidak Menggunakan Platform Belajar Online,Luring,2.0,0,Instagram,3-5,Teka-teki,Himpunan Mahasiswa,Tidak Mengikuti Kegiatan UKM,<15,Ya,<10,Asisten Kuliah
Praktikum Pembelajaran Mesin Prodi Ilmu Komputer,Laki-laki,2002,Kos,Sumatera Barat,Solok Selatan,3.77,3.87,3.91,A,A,23,0,Ya,Ujian Tes,SMA/SMAN,Negeri,-,-,-,S1/Sederajat,S1/Sederajat,2,Tidak ada / Rahasia,< 2.000.000,Rumah,3.0,Ya,"Melihat tutorial diluar materi (video youtube, forum belajar online)",Tidak Mengikuti Online Course / Tidak Menggunakan Platform Belajar Online,Daring,5.0,4-10,Tidak Menggunakan Sosial Media,1-3,Tidak Bermain Game,Tidak Mengikuti Organisasi,Tidak Mengikuti Kegiatan UKM,<15,Tidak,,
Praktikum Pembelajaran Mesin Prodi Ilmu Komputer,Laki-laki,20/11/01,Bersama Orang Tua,DKI Jakarta,Jakarta timur,2.67,2.41,2.98,C,A-,22 sks,0,Tidak,Seleksi Rapot,SMA/SMAN,Swasta,510.11,-,82,SMA/Sederajat,S1/Sederajat,3,Ibu dan Ayah,8.000.000 - 40.000.000,Rumah,4.0,Ya,"Melihat tutorial diluar materi (video youtube, forum belajar online)",Tidak Mengikuti Online Course / Tidak Menggunakan Platform Belajar Online,Daring,4.0,1-3,"Instagram, Facebook, Twitter, Tiktok",1-3,"Aksi, Petualangan, Multiplayer",Himpunan Mahasiswa,Tidak Mengikuti Kegiatan UKM,60-120,Tidak,,
Praktikum Pembelajaran Mesin Prodi Ilmu Komputer,Laki-laki,2001,Bersama Orang Tua,Jawa Timur,Malang,3.38,-,3.25,A,A,20,0,Tidak,Seleksi Rapot,SMA/SMAN,Swasta,-,-,,SMA/Sederajat,SMA/Sederajat,0,Ibu,8.000.000 - 40.000.000,Rumah,4.0,Ya,"Melihat tutorial diluar materi (video youtube, forum belajar online)",Ruangguru,Luring,3.0,1-3,"Instagram, Facebook",3-5,"Aksi, Petualangan, Multiplayer",Tidak Mengikuti Organisasi,Olahraga,30-60,Tidak,,Tidak
Praktikum Pembelajaran Mesin Prodi Ilmu Komputer,Laki-laki,2003,Bersama Orang Tua,DKI Jakarta,Jakarta Selatan,3.1,2.97,2.77,A,B,20,0,Tidak,Seleksi Rapot,SMA/SMAN,Negeri,-,-,89,Sekolah Perpajakan,SMA/Sederajat,1,Ibu,8.000.000 - 40.000.000,Rumah,3.0,Tidak,"Melihat tutorial diluar materi (video youtube, forum belajar online)",Tidak Mengikuti Online Course / Tidak Menggunakan Platform Belajar Online,Luring,1.0,1-3,"Instagram, Tiktok",3-5,Multiplayer,Tidak Mengikuti Organisasi,Tidak Mengikuti Kegiatan UKM,15-30,Tidak,,
Praktikum Pembelajaran Mesin Prodi Ilmu Komputer,Laki-laki,2002,Bersama Orang Tua,Jawa Barat,Kota Bekasi,3.34,3.41,3.34,A,B+,20,0,Tidak,Seleksi Rapot,SMK/SMKN,Negeri,-,-,90,SMA/Sederajat,SMA/Sederajat,2,Tidak ada / Rahasia,8.000.000 - 40.000.000,Rumah,2.0,Ya,Belajar dengan teman sebaya,Youtube,Luring,3.0,1-3,Instagram,1-3,Multiplayer,Himpunan Mahasiswa,Tidak Mengikuti Kegiatan UKM,60-120,Ya,<10,Magang/Intern
Praktikum Pembelajaran Mesin Prodi Ilmu Komputer,Laki-laki,6 Desember 2001,Bersama Orang Tua,DKI Jakarta,Jakarta Utara,2.44,1.71,2.27,C+,B,20,4,Tidak,Seleksi Rapot,SMA/SMAN,Negeri,-,413,79.00,SMA/Sederajat,D1-D3,2,Tidak ada / Rahasia,4.000.000 - 8.000.000,Rumah,3.0,Ya,Belajar dengan teman sebaya,"Dicoding, Alterra, dan Revou",Daring,2.0,1-3,Instagram,1-3,"Strategi, Olahraga, Multiplayer",Tidak Mengikuti Organisasi,Olahraga,30-60,Ya,>45,Part-Time
Praktikum Pembelajaran Mesin Prodi Ilmu Komputer,Laki-laki,2001,Bersama Orang Tua,Banten,Tangerang Selatan,2.7,2.11,2.88,A-,A-,19,4,Tidak,UTBK,MA/MAN,Negeri,584.25,71.63,90,S1/Sederajat,S1/Sederajat,1,Ayah,> 40.000.000,Rumah,3.0,Ya,"Melihat tutorial diluar materi (video youtube, forum belajar online)",Tidak Mengikuti Online Course / Tidak Menggunakan Platform Belajar Online,Luring,3.0,0,Tidak Menggunakan Sosial Media,<1,"Aksi, Petualangan, Teka-teki",Himpunan Mahasiswa,Olahraga,30-60,Tidak,,
Praktikum Pembelajaran Mesin Prodi Ilmu Komputer,Laki-laki,2000,Bersama Orang Tua,DKI Jakarta,Jakarta Selatan,3.3,3.25,3.28,B,A,21,1,Tidak,Ujian Tes,SMA/SMAN,Negeri,525,-,86,D1-D3,S1/Sederajat,1,Tidak ada / Rahasia,8.000.000 - 40.000.000,Rumah,3.0,Ya,"Melihat tutorial diluar materi (video youtube, forum belajar online)","Udemy, Dicoding, SanberCode",Daring,3.0,0,"Instagram, Twitter",1-3,"Aksi, Petualangan, Strategi, Olahraga, Multiplayer",Himpunan Mahasiswa,Tidak Mengikuti Kegiatan UKM,15-30,Tidak,,
Praktikum Pembelajaran Mesin Prodi Ilmu Komputer,Perempuan,2002,Kos,Banten,Tangerang Kota,3.37,3.54,3.13,A-,A,24,0,Tidak,Seleksi Rapot,SMA/SMAN,Negeri,-,-,94,D1-D3,D1-D3,1,Ibu,8.000.000 - 40.000.000,Rumah,4.0,Ya,"Melihat tutorial diluar materi (video youtube, forum belajar online)","Udemy, Dicoding, SanberCode",Luring,2.0,1-3,"Instagram, Twitter",1-3,"Aksi, Petualangan, Strategi, Teka-teki, Multiplayer",Himpunan Mahasiswa,Tidak Mengikuti Kegiatan UKM,<15,Ya,10-20,Freelance
Praktikum Pembelajaran Mesin Prodi Ilmu Komputer,Laki-laki,2002,Bersama Orang Tua,Banten,Serang,2.84,2.49,2.70,A-,A-,20,1,Tidak,UTBK,SMA/SMAN,Negeri,"532,87",86.86,90,D4/Sarjana Terapan,S2/Sederajat,1,Ayah,4.000.000 - 8.000.000,Rumah,3.0,Ya,"Melihat tutorial diluar materi (video youtube, forum belajar online)","Coursera, Dicoding, SanberCode, Ruangguru",Daring,3.0,1-3,"Instagram, Facebook",3-5,"Aksi, Strategi, Olahraga",Himpunan Mahasiswa,Tidak Mengikuti Kegiatan UKM,15-30,Tidak,<10,
Praktikum Pembelajaran Mesin Prodi Ilmu Komputer,Laki-laki,04/09/2000,Kos,Jawa Timur,Malang,2.73,-,-,C,B,20,0,Tidak,Seleksi Rapot,SMK/SMKN,Negeri,-,-,80,SMA/Sederajat,Tidak tau,2,Ayah,8.000.000 - 40.000.000,Rumah,3.0,Ya,Belajar dengan teman sebaya,Tidak Mengikuti Online Course / Tidak Menggunakan Platform Belajar Online,Daring,4.0,4-10,"Instagram, Facebook",<1,"Strategi, Multiplayer",Himpunan Mahasiswa,Olahraga,30-60,Tidak,10-20,Magang/Intern
Praktikum Pembelajaran Mesin Prodi Ilmu Komputer,Laki-laki,2000,Kos,Nusa Tenggara Barat,Kota praya,2.4,-,-,B,-,13,4,Tidak,Hasil SNMPTN,SMA/SMAN,Negeri,-,-,95,SD/Sederajat,D4/Sarjana Terapan,>4,Ibu,< 2.000.000,Rumah,3.0,Ya,Mereview materi yang disediakan,Tidak Mengikuti Online Course / Tidak Menggunakan Platform Belajar Online,Luring,4.0,1-3,Instagram,1-3,"Aksi, Petualangan, Teka-teki, Multiplayer",Tidak Mengikuti Organisasi,Tidak Mengikuti Kegiatan UKM,15-30,Tidak,<10,Magang/Intern
Praktikum Pembelajaran Mesin Prodi Ilmu Komputer,Laki-laki,2002,Kontrakan,Banten,KotaTangerang,2.6,2.6,2.6,C+,A-,20,0,Tidak,Ujian Tes,SMA/SMAN,Negeri,-,-,70,S2/Sederajat,SMA/Sederajat,1,Tidak ada / Rahasia,8.000.000 - 40.000.000,Rumah,3.0,Ya,Belajar dengan teman sebaya,SanberCode,Luring,3.0,0,Tiktok,1-3,Multiplayer,Himpunan Mahasiswa,Kesenian,15-30,Tidak,<10,Magang/Intern
Praktikum Pembelajaran Mesin Prodi Ilmu Komputer,Perempuan,2002,Kos,Sumatera Selatan,"Sekayu, Sumatera Selatan",2.79,2.7,-,B-,B+,117,1,Ya,Ujian Tes,SMA/SMAN,Negeri,-,-,94,SMP/Sederajat,SMP/Sederajat,2,Tidak ada / Rahasia,< 2.000.000,Rumah,3.0,Tidak,"Melihat tutorial diluar materi (video youtube, forum belajar online)",Tidak Mengikuti Online Course / Tidak Menggunakan Platform Belajar Online,Luring,3.0,0,"Instagram, Tiktok",>10,Aksi,Himpunan Mahasiswa,Tidak Mengikuti Kegiatan UKM,<15,Tidak,<10,Berdagang/Berjualan
Praktikum Pembelajaran Mesin Prodi Ilmu Komputer,Laki-laki,2002,Bersama Orang Tua,Sumatera Utara,Medan,2.64,3.05,2.44,C+,A,20,1,Tidak,UTBK,SMK/SMKN,Swasta,-,-,60,S1/Sederajat,S1/Sederajat,2,Ibu,8.000.000 - 40.000.000,Rumah,2.0,Tidak,Belajar dengan teman sebaya,"Udemy, Sololearn, SanberCode",Luring,1.0,0,"Instagram, Twitter",1-3,"Aksi, Petualangan, Strategi, Teka-teki, Olahraga, Multiplayer",Himpunan Mahasiswa,Keagamaan,60-120,Tidak,,
Praktikum Pembelajaran Mesin Prodi Ilmu Komputer,Perempuan,2003,Kos,Banten,Rangkasbitung,3.2,3.22,2.89,B-,A,20,0,Tidak,Ujian Tes,SMA/SMAN,Negeri,-,-,99,S1/Sederajat,S1/Sederajat,1,ayah dan ibu,4.000.000 - 8.000.000,Rumah,3.0,Ya,Belajar dengan teman sebaya,Tidak Mengikuti Online Course / Tidak Menggunakan Platform Belajar Online,Daring,3.0,0,Instagram,1-3,Petualangan,Tidak Mengikuti Organisasi,Kesenian,<15,Tidak,<10,Freelance
Praktikum Pembelajaran Mesin Prodi Ilmu Komputer,Laki-laki,2002,Kos,Jawa Barat,Subang,3.0,3.03,2.77, B,B,124,0,Tidak,Ujian Tes,SMA/SMAN,Swasta,-,-,87,S1/Sederajat,S1/Sederajat,1,Tidak ada / Rahasia,4.000.000 - 8.000.000,Rumah,3.0,Tidak,Belajar dengan teman sebaya,buit with angga,Luring,2.0,0,Instagram,1-3,Tidak Bermain Game,Himpunan Mahasiswa,Tidak Mengikuti Kegiatan UKM,15-30,Ya,<10,Berdagang/Berjualan
Praktikum Pembelajaran Mesin Prodi Ilmu Komputer,Laki-laki,2002,Bersama Orang Tua,Jawa Barat,Bogor,,-,-,C+,B-,22,0,Tidak,Seleksi Rapot,SMK/SMKN,Negeri,-,-,65,-,-,2,Tidak ada / Rahasia,2.000.000 - 4.000.000,Kontrakan,2.0,Tidak,"Melihat tutorial diluar materi (video youtube, forum belajar online)",Tidak Mengikuti Online Course / Tidak Menggunakan Platform Belajar Online,Luring,2.0,0,"Instagram, Twitter, Tiktok",3-5,"Aksi, Petualangan, Strategi, Multiplayer, FPS",Himpunan Mahasiswa,Tidak Mengikuti Kegiatan UKM,60-120,Tidak,,
Praktikum Pembelajaran Mesin Prodi Ilmu Komputer,Perempuan,2002,Bersama Orang Tua,Jawa Barat,Depok,"2,95","3,02","2,5",C+,B-,20,0,Tidak,Seleksi Rapot,SMA/SMAN,Swasta,-,-,85,SMA/Sederajat,S1/Sederajat,1,Ayah,4.000.000 - 8.000.000,Rumah,3.0,Ya,"Melihat tutorial diluar materi (video youtube, forum belajar online)",Tidak Mengikuti Online Course / Tidak Menggunakan Platform Belajar Online,Daring,2.0,0,Instagram,5-10,Aksi,Tidak Mengikuti Organisasi,Keagamaan,60-120,Tidak,,
Praktikum Pembelajaran Mesin Prodi Ilmu Komputer,Laki-laki,2002,Kos,Sumatera Utara,Medan,3.18,3.50,2.73,B,B,20,0,Tidak,UTBK,SMA/SMAN,Swasta,512.60,-,92,SMA/Sederajat,D1-D3,1,Ayah,8.000.000 - 40.000.000,Rumah,3.0,Ya,"Melihat tutorial diluar materi (video youtube, forum belajar online)",Tidak Mengikuti Online Course / Tidak Menggunakan Platform Belajar Online,Daring,3.0,1-3,"Instagram, Twitter",5-10,"Aksi, Petualangan, Strategi, Olahraga, Multiplayer",Himpunan Mahasiswa,Kesenian,<15,Tidak,,
Praktikum Pembelajaran Mesin Prodi Ilmu Komputer,Laki-laki,2002,Kontrakan,Sumatera Utara,Deli Serdang,3.09,-,-,A,A,22,0,Ya,,,Swasta,-,-,-,SMP/Sederajat,SMA/Sederajat,4,Ibu,2.000.000 - 4.000.000,Kontrakan,4.0,Ya,"Melihat tutorial diluar materi (video youtube, forum belajar online)","Hackerrank, Dicoding, Sololearn",Daring,2.0,4-10,"Twitter, whatsapp",3-5,Tidak Bermain Game,Himpunan Mahasiswa,Tidak Mengikuti Kegiatan UKM,30-60,Tidak,,
Praktikum Pembelajaran Mesin Prodi Ilmu Komputer,Perempuan,2001,Kos,Riau,Pekanbaru,3.18,3.11,3.27,B+,B+,24,0,Tidak,Hasil SNBP,SMA/SMAN,Swasta,-,-,-,Tidak lulus,SD/Sederajat,>4,Tidak ada / Rahasia,4.000.000 - 8.000.000,Rumah,1.0,Tidak,Belajar dengan teman sebaya,Tidak Mengikuti Online Course / Tidak Menggunakan Platform Belajar Online,Luring,4.0,1-3,"Twitter, Tiktok",>10,"Aksi, Petualangan, Strategi, Teka-teki, Multiplayer","Himpunan Mahasiswa, Organisasi Keagamaan",Keagamaan,<15,Tidak,,
Praktikum Pembelajaran Mesin Prodi Ilmu Komputer,Laki-laki,2002,Kos,DKI Jakarta,Gorontalo,3.12,2.76,3.16,A,A,22,2,Tidak,Seleksi Rapot,MA/MAN,Negeri,-,-,80,D1-D3,D1-D3,0,Ibu,8.000.000 - 40.000.000,Rumah,4.0,Ya,"Melihat tutorial diluar materi (video youtube, forum belajar online)",Tidak Mengikuti Online Course / Tidak Menggunakan Platform Belajar Online,Luring,5.0,4-10,"Instagram, Twitter, Tiktok",3-5,"Aksi, Petualangan, Strategi, Teka-teki, Olahraga, Multiplayer","Himpunan Mahasiswa, Organisasi Keahlian",Penalaran dan Keilmuan,<15,Tidak,,
Praktikum Pembelajaran Mesin Prodi Ilmu Komputer,Perempuan,2002,Bersama Orang Tua,Jawa Barat,Kota Bekasi ,2.75,2.56,2.93,C,B,22,1,Tidak,Seleksi Rapot,SMA/SMAN,Swasta,-,-,-,SMA/Sederajat,SMA/Sederajat,>4,Tidak ada / Rahasia,2.000.000 - 4.000.000,Rumah,3.0,Tidak,Belajar dengan teman sebaya,Tidak Mengikuti Online Course / Tidak Menggunakan Platform Belajar Online,Luring,2.0,0,"Instagram, youtube",5-10,Tidak Bermain Game,Tidak Mengikuti Organisasi,Tidak Mengikuti Kegiatan UKM,60-120,Tidak,,
Praktikum Pembelajaran Mesin Prodi Ilmu Komputer,Laki-laki,2001,Kos,Bangka Belitung,Tanjungpandan,3.34,3.87,3.81,C,B,18,0,Tidak,UTBK,SMA/SMAN,Negeri,585,29,-,S1/Sederajat,SMA/Sederajat,1,Tidak ada / Rahasia,8.000.000 - 40.000.000,Rumah,4.0,Tidak,Belajar dengan teman sebaya,"Coursera, Dicoding, Sololearn, SanberCode",Daring,5.0,4-10,"Instagram, Facebook",1-3,"Aksi, Strategi, Multiplayer",Tidak Mengikuti Organisasi,Tidak Mengikuti Kegiatan UKM,15-30,Ya,10-20,Freelance
Praktikum Pembelajaran Mesin Prodi Ilmu Komputer,Laki-laki,2002,Bersama Orang Tua,Jawa Barat,Bandung,2.64,2.66,2.77,C+,A-,20,1,Tidak,Seleksi Rapot,Boarding School,Swasta,-,-,81.00,SMA/Sederajat,D1-D3,1,Ayah,4.000.000 - 8.000.000,Rumah,3.0,Tidak,Belajar dengan teman sebaya,"Coursera, Hackerrank, Udemy, Sololearn",Luring,3.0,0,"Instagram, Twitter, Tiktok",3-5,"Aksi, Strategi, Multiplayer","Himpunan Mahasiswa, Organisasi Keagamaan, Organisasi Sosial",Keagamaan,60-120,Ya,<10,Magang/Intern
Praktikum Pembelajaran Mesin Prodi Ilmu Komputer,Laki-laki,2001,Bersama Orang Tua,DKI Jakarta,Jakarta Pusat,2.57,2-48,2-41,C,B-,113,1,Tidak,Seleksi Rapot,SMK/SMKN,Negeri,-,-,-,SMA/Sederajat,SMA/Sederajat,2,Ibu,< 2.000.000,Kontrakan,3.0,Tidak,"Melihat tutorial diluar materi (video youtube, forum belajar online)","Dicoding, Sololearn",Luring,2.0,1-3,"Instagram, Facebook, Twitter, Tiktok",1-3,FPS Competitive,Himpunan Mahasiswa,Tidak Mengikuti Kegiatan UKM,30-60,Tidak,,Magang/Intern
Praktikum Pembelajaran Mesin Prodi Ilmu Komputer,Perempuan,2002,Kos,Sumatera Barat,Bukittinggi,3.08,3.10,2.99,C+,B+,22,0,Tidak,UTBK,SMA/SMAN,Negeri,-,-,91,S1/Sederajat,S1/Sederajat,2,Ibu,2.000.000 - 4.000.000,Rumah,3.0,Tidak,"Melihat tutorial diluar materi (video youtube, forum belajar online)",MySkill,Luring,3.0,1-3,"Instagram, Tiktok",5-10,"Strategi, Teka-teki",Himpunan Mahasiswa,Tidak Mengikuti Kegiatan UKM,<15,Tidak,,
Praktikum Pembelajaran Mesin Prodi Ilmu Komputer,Laki-laki,2002,Kos,Jawa Timur,,,,,,,,,,,SMA/SMAN,Negeri,,,,,,3,Tidak ada / Rahasia,,,3.0,Tidak,"Melihat tutorial diluar materi (video youtube, forum belajar online)",Tidak Mengikuti Online Course / Tidak Menggunakan Platform Belajar Online,Daring,5.0,0,"Twitter, Tiktok",5-10,Tidak Bermain Game,Tidak Mengikuti Organisasi,Tidak Mengikuti Kegiatan UKM,60-120,Tidak,,
