NIM,nama_kelas,jenis_kelamin,tahun_lahir,tempat_tinggal_kuliah,provinsi_asal,ipk,ips_semester_genap_2021/2022,ips_semester_ganjil_2022/2023,nilai_matkul_matematika_1,nilai_matkul_bahasa_inggris_1,total_sks_semester,total_matkul_mengulang,memiliki_beasiswa,jalur_pendaftaran_kampus,tipe_sma,latar_belakang_sma,nilai_matematika_sma_kelas_12,pendidikan_ibu,pendidikan_ayah,jumlah_saudara,penghasilan_orang_tua,jenis_tempat_tinggal_keluarga,rating_kesan_mata_kuliah,waktu_khusus_belajar,cara_belajar_mahasiswa,akses_pembelajaran,suka_lomba,total_mengikuti_lomba,sosial_media,total_akses_sosial_media,genre_permainan,jenis_organisasi,estimasi_waktu_perjalanan_ke_kampus
103120114,sistem informasi manajemen,laki-laki,2000,bersama orang tua,dki jakarta,3.01,2.95,3.1,b,a-,22.0,1.0,tidak,seleksi rapot,sma/sman,negeri,70.0,sma/sederajat,sma/sederajat,1,> 40.000.000,rumah,4.0,ya,visual,daring,4.0,11-20,tiktok,3-5,"strategi, multiplayer",organisasi keahlian,<15
103121024,sistem informasi manajemen,laki-laki,2001,kos,jawa tengah,3.25,3.19,3.31,b,b,22.0,0.0,tidak,seleksi rapot,sma/sman,negeri,89.0,sma/sederajat,sma/sederajat,1,2.000.000 - 4.000.000,bersama anggota keluarga besar,4.0,ya,visual,luring,2.0,0,instagram,3-5,strategi,tidak mengikuti organisasi,15-30
103121035,sistem informasi manajemen,laki-laki,2003,bersama orang tua,dki jakarta,3.29,3.33,3.08,a,a-,22.0,0.0,tidak,seleksi rapot,sma/sman,negeri,89.0,s1/sederajat,s1/sederajat,1,4.000.000 - 8.000.000,rumah,4.0,ya,visual,daring,2.0,0,instagram,1-3,"multiplayer, strategi, aksi, shooting",himpunan mahasiswa,60-120
103121017,sistem informasi manajemen,laki-laki,2003,bersama orang tua,dki jakarta,3.33,3.56,3.46,b,a,22.0,1.0,tidak,seleksi rapot,sma/sman,negeri,82.0,s1/sederajat,s2/sederajat,2,8.000.000 - 40.000.000,rumah,3.0,ya,aural,luring,2.0,0,"instagram, twitter, tiktok",5-10,multiplayer,himpunan mahasiswa,30-60
103121012,sistem informasi manajemen,laki-laki,2003,kos,sumatera utara,3.3249998,3.4250002,3.34,c+,b-,22.0,0.0,tidak,seleksi rapot,mengulang kuliah,swasta,89.0,d1-d3,sma/sederajat,2,4.000.000 - 8.000.000,rumah,4.0,ya,reading,luring,2.0,0,"instagram, facebook, tiktok",1-3,"aksi, petualangan, strategi, teka-teki, olahraga",organisasi keagamaan,<15
103120108,sistem informasi manajemen,laki-laki,2002,bersama orang tua,jawa barat,2.96,2.48,3.24,a,b+,22.0,1.0,tidak,seleksi rapot,sma/sman,swasta,87.0,d1-d3,s1/sederajat,1,8.000.000 - 40.000.000,rumah,4.0,ya,kinestetic,luring,3.0,1-3,"instagram, facebook, tiktok",1-3,tidak bermain game,organisasi pengusaha,60-120
103121057,sistem informasi manajemen,laki-laki,2002,bersama orang tua,banten,3.59,3.74,3.48,a,a,23.0,0.0,tidak,seleksi rapot,sma/sman,negeri,90.0,sma/sederajat,d4/sarjana terapan,3,8.000.000 - 40.000.000,rumah,4.0,ya,visual,daring,5.0,4-10,instagram,1-3,"aksi, strategi, olahraga, multiplayer",himpunan mahasiswa,15-30
103121014,sistem informasi manajemen,laki-laki,2003,kos,jawa barat,3.51,3.52,3.51,b-,b+,24.0,0.0,tidak,seleksi rapot,sma/sman,negeri,91.0,smp/sederajat,s2/sederajat,2,> 40.000.000,rumah,3.0,ya,reading,daring,3.0,0,instagram,1-3,"aksi, petualangan, strategi, teka-teki, multiplayer",tidak mengikuti organisasi,15-30
103121077,sistem informasi manajemen,perempuan,2001,bersama orang tua,jawa barat,3.72,3.77,3.65,a,a,24.0,0.0,tidak,beasiswa aperti bumn,sma/sman,negeri,90.0,sma/sederajat,sma/sederajat,2,8.000.000 - 40.000.000,rumah,3.0,ya,visual,daring,2.0,0,"instagram, twitter, tiktok",5-10,"aksi, petualangan, strategi, multiplayer",tidak mengikuti organisasi,>120
103119015,sistem informasi manajemen,laki-laki,2001,kos,sumatera utara,3.19,3.4250002,3.34,a-,c+,22.0,3.0,tidak,ujian tes,sma/sman,negeri,89.0,s1/sederajat,sma/sederajat,1,4.000.000 - 8.000.000,rumah,3.0,ya,visual,luring,5.0,0,"instagram, facebook, tiktok",5-10,"strategi, teka-teki, olahraga","himpunan mahasiswa, organisasi masyarakat",<15
103121062,sistem informasi manajemen,perempuan,2003,kos,jawa barat,3.44,3.37,3.34,b+,b,24.0,0.0,tidak,utbk/snbp,smk/smkn,swasta,73.0,sma/sederajat,d1-d3,2,4.000.000 - 8.000.000,rumah,3.0,ya,aural,luring,2.0,0,"instagram, twitter, tiktok",1-3,tidak bermain game,tidak mengikuti organisasi,15-30
103121048,sistem informasi manajemen,laki-laki,2001,kos,dki jakarta,3.15,3.26,2.96,c+,b,22.0,0.0,tidak,ujian tes,sma/sman,negeri,37.5,sd/sederajat,smp/sederajat,3,4.000.000 - 8.000.000,rumah,3.0,tidak,kinestetic,daring,3.0,0,"instagram, twitter, tiktok",1-3,"petualangan, strategi, multiplayer",tidak mengikuti organisasi,<15
103118080,sistem informasi manajemen,laki-laki,1999,kontrakan,kalimantan timur,2.69,2.79,2.39,a,b,18.0,6.0,tidak,ujian tes,sma/sman,negeri,85.0,sma/sederajat,smp/sederajat,3,4.000.000 - 8.000.000,rumah,3.0,ya,visual,luring,5.0,4-10,instagram,1-3,petualangan,organisasi keahlian,60-120
103121064,sistem informasi manajemen,perempuan,2003,kos,jawa tengah,3.51,3.48,3.38,b+,b,24.0,0.0,tidak,seleksi rapot,sma/sman,negeri,90.0,sma/sederajat,sma/sederajat,0,8.000.000 - 40.000.000,rumah,4.0,ya,reading,luring,3.0,1-3,"instagram, tiktok",5-10,tidak bermain game,tidak mengikuti organisasi,<15
103121041,sistem informasi manajemen,perempuan,2001,kos,jawa timur,3.6,3.64,3.58,a,a,24.0,0.0,tidak,seleksi rapot,sma/sman,negeri,80.0,smp/sederajat,s1/sederajat,1,4.000.000 - 8.000.000,rumah,4.0,ya,reading,daring,5.0,>20,instagram,1-3,"aksi, petualangan, strategi","himpunan mahasiswa, organisasi sosial, organisasi masyarakat",<15
103121026,sistem informasi manajemen,perempuan,2003,kos,sumatera selatan,3.97,3.94,4.0,a,a,23.0,0.0,ya,beasiswa undangan,sma/sman,negeri,89.0,sma/sederajat,smp/sederajat,>4,2.000.000 - 4.000.000,rumah,3.0,ya,visual,luring,4.0,1-3,"instagram, tiktok",3-5,"petualangan, strategi, teka-teki","himpunan mahasiswa, organisasi keahlian",15-30
103121021,sistem informasi manajemen,perempuan,2002,bersama orang tua,jawa tengah,3.83,3.82,3.76,a,a,24.0,0.0,tidak,seleksi rapot,sma/sman,negeri,87.0,sma/sederajat,sma/sederajat,1,4.000.000 - 8.000.000,rumah,4.0,tidak,aural,luring,4.0,1-3,"instagram, twitter, tiktok",5-10,"aksi, petualangan, strategi, olahraga, multiplayer","himpunan mahasiswa, organisasi keagamaan, organisasi keahlian",60-120
103121037,sistem informasi manajemen,laki-laki,2003,bersama orang tua,jawa barat,3.18,3.37,3.1,a,b,22.0,0.0,tidak,seleksi rapot,sma/sman,negeri,80.0,s1/sederajat,sma/sederajat,2,8.000.000 - 40.000.000,rumah,4.0,ya,visual,daring,3.0,1-3,"instagram, facebook, twitter, tiktok",3-5,"aksi, multiplayer",tidak mengikuti organisasi,60-120
103121044,sistem informasi manajemen,perempuan,2003,kos,riau,3.7,3.72,3.7,b+,a-,24.0,0.0,tidak,seleksi rapot,sma/sman,swasta,90.0,sma/sederajat,sma/sederajat,3,4.000.000 - 8.000.000,rumah,4.0,ya,reading,luring,4.0,1-3,instagram,3-5,"aksi, petualangan, multiplayer",tidak mengikuti organisasi,<15
103120037,sistem informasi manajemen,perempuan,2003,kos,jawa barat,3.61,3.4250002,3.34,a,a-,23.0,1.0,ya,seleksi rapot,sma/sman,swasta,89.0,s1/sederajat,s1/sederajat,0,4.000.000 - 8.000.000,rumah,3.0,ya,kinestetic,luring,3.0,1-3,"instagram, tiktok",3-5,"aksi, teka-teki",himpunan mahasiswa,<15
103121020,sistem informasi manajemen,laki-laki,2003,kos,bengkulu,3.23,3.27,3.17,c+,b,22.0,0.0,tidak,seleksi rapot,sma/sman,negeri,85.0,sma/sederajat,sma/sederajat,0,2.000.000 - 4.000.000,rumah,4.0,ya,visual,luring,3.0,0,tiktok,<1,tidak bermain game,tidak mengikuti organisasi,<15
103121023,sistem informasi manajemen,perempuan,2003,kos,nanggroe aceh darussalam,3.64,3.74,3.56,a,b+,24.0,0.0,tidak,seleksi rapot,ma/man,swasta,96.0,s2/sederajat,s2/sederajat,2,8.000.000 - 40.000.000,rumah,3.0,ya,reading,luring,3.0,0,instagram,3-5,tidak bermain game,himpunan mahasiswa,<15
103121033,sistem informasi manajemen,perempuan,2003,bersama orang tua,dki jakarta,3.73,3.4250002,3.34,a,a,24.0,0.0,tidak,seleksi rapot,sma/sman,negeri,89.0,sma/sederajat,s2/sederajat,2,8.000.000 - 40.000.000,rumah,3.0,ya,kinestetic,luring,3.0,1-3,"instagram, tiktok",3-5,tidak bermain game,"himpunan mahasiswa, organisasi sosial",30-60
103121046,sistem informasi manajemen,perempuan,2003,bersama orang tua,dki jakarta,3.43,3.4250002,3.34,c+,a-,23.0,0.0,tidak,seleksi rapot,sma/sman,swasta,86.0,sma/sederajat,sma/sederajat,2,2.000.000 - 4.000.000,rumah dinas,3.0,tidak,visual,luring,3.0,0,"instagram, tiktok",3-5,tidak bermain game,organisasi keahlian,15-30
103121001,sistem informasi manajemen,laki-laki,2002,kos,jawa timur,3.28,3.57,3.04,a,a,22.0,0.0,tidak,seleksi rapot,sma/sman,negeri,89.0,sma/sederajat,sma/sederajat,2,4.000.000 - 8.000.000,rumah,3.0,ya,reading,luring,5.0,1-3,"instagram, tiktok",3-5,"strategi, teka-teki",himpunan mahasiswa,<15
103121069,sistem informasi manajemen,perempuan,2003,kos,sumatera utara,3.59,3.54,3.58,a,a-,24.0,0.0,tidak,seleksi rapot,sma/sman,swasta,89.0,s1/sederajat,s1/sederajat,0,4.000.000 - 8.000.000,rumah,3.0,ya,reading,luring,4.0,4-10,"instagram, twitter, tiktok",3-5,teka-teki,"himpunan mahasiswa, organisasi keagamaan",<15
103121081,sistem informasi manajemen,perempuan,2003,bersama orang tua,banten,3.93,3.4250002,3.34,a,a,24.0,0.0,ya,seleksi rapot,sma/sman,swasta,75.0,sma/sederajat,s1/sederajat,3,> 40.000.000,rumah,3.0,ya,visual,luring,5.0,1-3,"instagram, tiktok",5-10,"petualangan, strategi, multiplayer","himpunan mahasiswa, organisasi sosial, organisasi keagamaan",60-120
103121051,sistem informasi manajemen,perempuan,2001,kos,jawa tengah,3.67,3.54,3.66,a,b+,24.0,0.0,tidak,ujian tes,sma/sman,swasta,89.0,s1/sederajat,sma/sederajat,3,8.000.000 - 40.000.000,rumah,3.0,ya,reading,daring,3.0,1-3,"instagram, tiktok",3-5,tidak bermain game,himpunan mahasiswa,<15
103121049,sistem informasi manajemen,laki-laki,2003,kontrakan,jawa barat,3.19,3.69,3.34,a,a,22.0,0.0,tidak,ujian tes,sma/sman,negeri,85.0,d4/sarjana terapan,s1/sederajat,3,8.000.000 - 40.000.000,rumah,3.0,ya,visual,luring,3.0,1-3,"instagram, twitter, tiktok",5-10,"petualangan, strategi, teka-teki, olahraga, multiplayer",himpunan mahasiswa,15-30
103121029,sistem informasi manajemen,perempuan,2003,asrama,nusa tenggara timur,3.59,3.4250002,3.34,a,a,24.0,0.0,ya,seleksi rapot,sma/sman,swasta,80.0,s1/sederajat,sma/sederajat,1,8.000.000 - 40.000.000,rumah,3.0,ya,kinestetic,luring,4.0,1-3,instagram,5-10,petualangan,himpunan mahasiswa,<15
103121063,sistem informasi manajemen,laki-laki,2003,kos,nanggroe aceh darussalam,3.42,3.4250002,3.34,a,a-,23.0,0.0,tidak,seleksi rapot,sma/sman,negeri,70.0,d1-d3,s1/sederajat,3,2.000.000 - 4.000.000,rumah,4.0,ya,reading,daring,4.0,1-3,instagram,3-5,multiplayer,organisasi keahlian,<15
103121011,sistem informasi manajemen,laki-laki,2002,kos,jawa timur,3.74,3.87,3.65,a,a,23.0,0.0,tidak,seleksi rapot,sma/sman,negeri,78.0,d1-d3,s1/sederajat,3,2.000.000 - 4.000.000,rumah,4.0,tidak,visual,luring,1.0,0,"instagram, tiktok",>10,"aksi, petualangan, strategi, multiplayer",himpunan mahasiswa,60-120
103121065,sistem informasi manajemen,perempuan,2002,bersama orang tua,jawa tengah,3.36,3.36,3.23,a,a-,22.0,0.0,tidak,seleksi rapot,sma/sman,negeri,89.0,sma/sederajat,sd/sederajat,1,2.000.000 - 4.000.000,rumah,4.0,tidak,reading,daring,2.0,0,"instagram, tiktok",3-5,tidak bermain game,organisasi sosial,15-30
103119053,sistem informasi manajemen,laki-laki,2001,kos,sumatera utara,2.83,3.03,3.73,b,c,21.0,1.0,tidak,ujian tes,sma/sman,swasta,89.0,sma/sederajat,sma/sederajat,4,4.000.000 - 8.000.000,rumah,3.0,ya,visual,luring,3.0,1-3,"instagram, tiktok",3-5,strategi,"himpunan mahasiswa, organisasi sosial, organisasi keagamaan",15-30
103121027,sistem informasi manajemen,perempuan,2002,asrama,nusa tenggara timur,3.66,3.74,3.54,a,a,22.0,0.0,ya,beasiswa undangan,sma/sman,swasta,89.0,sd/sederajat,sd/sederajat,1,< 2.000.000,rumah,3.0,ya,visual,luring,3.0,1-3,"instagram, twitter",3-5,tidak bermain game,"himpunan mahasiswa, penalaran dan keilmuan",15-30
103121052,sistem informasi manajemen,perempuan,2002,bersama orang tua,dki jakarta,3.59,3.78,3.37,b,b+,23.0,0.0,tidak,ujian tes,sma/sman,negeri,89.0,sma/sederajat,sma/sederajat,3,8.000.000 - 40.000.000,rumah,3.0,ya,kinestetic,luring,3.0,0,"instagram, twitter, tiktok",>10,"strategi, multiplayer",tidak mengikuti organisasi,30-60
103121036,sistem informasi manajemen,laki-laki,2003,bersama anggota keluarga besar,sumatera utara,3.12,3.4250002,3.34,b,c,22.0,1.0,tidak,seleksi rapot,sma/sman,negeri,90.0,sma/sederajat,sma/sederajat,3,4.000.000 - 8.000.000,rumah,4.0,tidak,reading,luring,3.0,0,facebook,5-10,petualangan,organisasi keagamaan,>120
103121059,sistem informasi manajemen,laki-laki,2003,kos,sumatera utara,3.28,3.36,3.29,a,b+,24.0,0.0,tidak,utbk/snbp,sma/sman,swasta,88.0,sma/sederajat,sma/sederajat,2,4.000.000 - 8.000.000,rumah,4.0,ya,visual,daring,2.0,1-3,"instagram, tiktok",1-3,"petualangan, teka-teki, olahraga",organisasi sosial,<15
103121056,sistem informasi manajemen,laki-laki,2002,bersama orang tua,dki jakarta,3.57,3.67,3.34,b,a-,24.0,0.0,tidak,seleksi rapot,sma/sman,negeri,80.0,sma/sederajat,s2/sederajat,4,2.000.000 - 4.000.000,rumah,3.0,tidak,reading,luring,3.0,1-3,instagram,3-5,"aksi, petualangan, strategi, multiplayer","organisasi sosial, organisasi masyarakat",30-60
103121070,sistem informasi manajemen,perempuan,2003,kos,sulawesi selatan,3.86,3.97,3.66,a,a,24.0,0.0,tidak,seleksi rapot,sma/sman,negeri,91.0,sma/sederajat,sma/sederajat,3,4.000.000 - 8.000.000,rumah,3.0,ya,visual,luring,4.0,4-10,"instagram, tiktok",1-3,teka-teki,"himpunan mahasiswa, organisasi keagamaan",15-30
103121094,sistem informasi manajemen,perempuan,2004,bersama orang tua,jawa barat,3.32,3.58,3.14,c,b-,22.0,0.0,tidak,seleksi rapot,sma/sman,negeri,89.0,d1-d3,s1/sederajat,3,2.000.000 - 4.000.000,rumah,3.0,tidak,kinestetic,luring,3.0,0,instagram,5-10,multiplayer,tidak mengikuti organisasi,60-120
103121028,sistem informasi manajemen,perempuan,2003,asrama,sulawesi selatan,3.71,3.68,3.79,c+,a-,24.0,0.0,ya,beasiswa undangan,sma/sman,swasta,89.0,sd/sederajat,sd/sederajat,2,2.000.000 - 4.000.000,rumah,3.0,ya,reading,luring,4.0,1-3,instagram,3-5,strategi,organisasi sosial,30-60
103121054,sistem informasi manajemen,perempuan,2002,kos,jawa barat,3.6,3.74,3.45,b-,a-,22.0,0.0,tidak,seleksi rapot,sma/sman,negeri,89.0,s1/sederajat,s1/sederajat,4,2.000.000 - 4.000.000,rumah,3.0,ya,kinestetic,luring,3.0,4-10,"instagram, twitter",1-3,"strategi, teka-teki",organisasi keahlian,15-30
103121003,sistem informasi manajemen,perempuan,2003,asrama,sulawesi selatan,3.21,3.21,3.21,a,c,22.0,0.0,ya,beasiswa undangan,sma/sman,swasta,82.5,s1/sederajat,s1/sederajat,1,< 2.000.000,bersama anggota keluarga besar,4.0,ya,visual,luring,3.0,0,instagram,5-10,tidak bermain game,organisasi keagamaan,<15
103121084,sistem informasi manajemen,perempuan,2003,kos,dki jakarta,3.25,3.4250002,3.2,c,b,22.0,0.0,tidak,seleksi rapot,sma/sman,swasta,87.0,sma/sederajat,sma/sederajat,0,< 2.000.000,rumah,4.0,ya,reading,daring,3.0,0,whatsapp,1-3,multiplayer,organisasi keahlian,<15
103121083,sistem informasi manajemen,perempuan,2003,kos,kalimantan timur,3.4,3.35,3.34,a,a,22.0,0.0,tidak,seleksi rapot,sma/sman,swasta,89.0,sma/sederajat,s2/sederajat,3,8.000.000 - 40.000.000,rumah,3.0,ya,reading,luring,3.0,1-3,instagram,3-5,"aksi, strategi",organisasi masyarakat,<15
103121071,sistem informasi manajemen,laki-laki,2002,bersama orang tua,jawa tengah,3.23,3.4250002,3.34,b,a,22.0,0.0,tidak,seleksi rapot,sma/sman,negeri,80.0,sd/sederajat,sd/sederajat,1,2.000.000 - 4.000.000,kontrakan,3.0,ya,reading,daring,2.0,1-3,instagram,3-5,multiplayer,himpunan mahasiswa,30-60
103121058,sistem informasi manajemen,laki-laki,2003,kos,dki jakarta,2.15,3.4250002,3.34,c,e,20.0,2.0,tidak,seleksi rapot,sma/sman,swasta,80.0,s1/sederajat,d1-d3,2,8.000.000 - 40.000.000,rumah,3.0,ya,reading,luring,2.0,0,instagram,3-5,olahraga,tidak mengikuti organisasi,<15
103121095,sistem informasi manajemen,perempuan,2002,kos,jawa barat,3.27,3.28,3.23,a,a,22.0,0.0,ya,seleksi rapot,sma/sman,negeri,89.0,d1-d3,d1-d3,4,< 2.000.000,rumah,3.0,ya,kinestetic,daring,3.0,4-10,"instagram, facebook, twitter, tiktok",3-5,"aksi, petualangan, strategi, teka-teki, olahraga, multiplayer","himpunan mahasiswa, organisasi sosial",<15
103121031,sistem informasi manajemen,laki-laki,2002,bersama orang tua,jawa barat,3.29,3.41,3.09,a,b+,22.0,1.0,tidak,seleksi rapot,ma/man,negeri,89.0,d1-d3,s1/sederajat,2,< 2.000.000,kontrakan,4.0,tidak,visual,luring,3.0,0,"instagram, tiktok",3-5,"aksi, strategi, olahraga",himpunan mahasiswa,60-120
103121055,sistem informasi manajemen,perempuan,2003,bersama orang tua,dki jakarta,3.39,3.48,3.39,a,b,23.0,0.0,tidak,snmptn,ma/man,swasta,89.0,sma/sederajat,sma/sederajat,1,4.000.000 - 8.000.000,rumah,3.0,tidak,aural,luring,4.0,0,whatsapp,3-5,teka-teki,tidak mengikuti organisasi,15-30
103121053,sistem informasi manajemen,perempuan,2003,kos,sulawesi selatan,3.3,3.4250002,3.34,a,a,22.0,0.0,tidak,ujian tes,sma/sman,negeri,89.0,s1/sederajat,sma/sederajat,1,8.000.000 - 40.000.000,rumah,4.0,ya,aural,daring,3.0,1-3,instagram,5-10,strategi,organisasi keahlian,<15
103121043,sistem informasi manajemen,perempuan,2002,kos,jawa barat,3.34,3.31,3.34,a,b+,23.0,0.0,tidak,seleksi rapot,sma/sman,negeri,89.0,smp/sederajat,smp/sederajat,3,2.000.000 - 4.000.000,rumah,4.0,tidak,aural,luring,3.0,0,"instagram, facebook, twitter, tiktok",3-5,"aksi, strategi, teka-teki",organisasi sosial,<15
103121080,sistem informasi manajemen,laki-laki,2003,bersama orang tua,dki jakarta,3.41,3.31,3.45,c+,b,22.0,1.0,tidak,utbk/snbp,sma/sman,negeri,89.0,sma/sederajat,sma/sederajat,3,8.000.000 - 40.000.000,rumah,4.0,ya,reading,luring,3.0,1-3,"instagram, twitter, tiktok",3-5,tidak bermain game,tidak mengikuti organisasi,30-60
103121006,sistem informasi manajemen,perempuan,2003,kos,dki jakarta,3.17,3.4250002,3.34,c+,b+,22.0,0.0,tidak,seleksi rapot,sma/sman,negeri,80.0,s1/sederajat,sma/sederajat,1,8.000.000 - 40.000.000,rumah,4.0,ya,reading,luring,3.0,0,"instagram, tiktok",5-10,petualangan,himpunan mahasiswa,<15
101121014,sains data dan pembelajaran mesin dalam geofisika,perempuan,2003,kos,jawa tengah,3.82,3.88,3.81,a-,a,21.0,0.0,tidak,seleksi rapot,sma/sman,negeri,92.0,sma/sederajat,sma/sederajat,1,4.000.000 - 8.000.000,rumah,2.0,ya,visual,luring,3.0,1-3,instagram,<1,"petualangan, teka-teki",himpunan mahasiswa,15-30
101121004,sains data dan pembelajaran mesin dalam geofisika,perempuan,2003,bersama orang tua,jawa barat,3.73,3.68,3.86,a-,b+,21.0,0.0,tidak,seleksi rapot,sma/sman,negeri,89.0,d1-d3,s1/sederajat,2,8.000.000 - 40.000.000,rumah,3.0,ya,kinestetic,luring,4.0,1-3,"instagram, twitter, tiktok",5-10,"petualangan, teka-teki",organisasi keahlian,30-60
101121003,sains data dan pembelajaran mesin dalam geofisika,perempuan,2001,kos,sulawesi tengah,3.59,3.61,3.67,b+,a-,21.0,0.0,tidak,seleksi rapot,sma/sman,negeri,89.0,sma/sederajat,s2/sederajat,2,4.000.000 - 8.000.000,kontrakan,3.0,ya,visual,luring,4.0,0,"instagram, twitter",1-3,tidak bermain game,himpunan mahasiswa,<15
101121026,sains data dan pembelajaran mesin dalam geofisika,perempuan,2003,kos,papua barat,3.18,3.4250002,3.34,b,b,21.0,0.0,tidak,seleksi rapot,sma/sman,negeri,93.0,sma/sederajat,s1/sederajat,2,4.000.000 - 8.000.000,rumah,2.0,ya,aural,daring,5.0,0,"instagram, facebook, twitter, tiktok",3-5,tidak bermain game,"himpunan mahasiswa, organisasi keahlian",<15
101121044,sains data dan pembelajaran mesin dalam geofisika,laki-laki,2003,bersama orang tua,jawa barat,3.21,3.4250002,3.34,c,b,22.0,0.0,tidak,seleksi rapot,sma/sman,swasta,85.0,d1-d3,s1/sederajat,3,8.000.000 - 40.000.000,rumah,4.0,ya,aural,daring,2.0,0,"instagram, facebook, twitter, tiktok",5-10,"aksi, strategi, multiplayer",himpunan mahasiswa,15-30
101121047,sains data dan pembelajaran mesin dalam geofisika,laki-laki,2003,apartemen,jawa timur,2.79,3.4250002,3.34,b,b,20.0,0.0,tidak,seleksi rapot,sma/sman,swasta,89.0,s1/sederajat,s1/sederajat,1,8.000.000 - 40.000.000,rumah,1.0,ya,visual,daring,5.0,0,twitter,3-5,petualangan,himpunan mahasiswa,15-30
101121031,sains data dan pembelajaran mesin dalam geofisika,laki-laki,2002,kos,jawa barat,3.49,3.48,3.53,b-,a-,21.0,0.0,tidak,seleksi rapot,sma/sman,negeri,98.0,sma/sederajat,sma/sederajat,3,8.000.000 - 40.000.000,rumah,3.0,ya,kinestetic,luring,3.0,0,instagram,1-3,"aksi, petualangan, strategi",himpunan mahasiswa,30-60
101121011,sains data dan pembelajaran mesin dalam geofisika,perempuan,2003,kos,kalimantan timur,3.67,3.39,3.75,a,a-,23.0,0.0,tidak,seleksi rapot,sma/sman,swasta,99.0,s1/sederajat,s2/sederajat,2,> 40.000.000,rumah,3.0,tidak,kinestetic,luring,2.0,0,instagram,>10,tidak bermain game,tidak mengikuti organisasi,<15
101121049,sains data dan pembelajaran mesin dalam geofisika,laki-laki,2003,bersama orang tua,jawa barat,2.91,2.89,2.68,b-,b,20.0,0.0,tidak,utbk/snbp,sma/sman,negeri,87.0,sma/sederajat,sma/sederajat,1,4.000.000 - 8.000.000,rumah,3.0,tidak,aural,luring,3.0,1-3,instagram,5-10,"olahraga, multiplayer",himpunan mahasiswa,60-120
101121033,sains data dan pembelajaran mesin dalam geofisika,perempuan,2003,kos,sulawesi tenggara,3.49,3.44,3.65,b+,b+,21.0,0.0,tidak,seleksi rapot,sma/sman,negeri,88.0,s1/sederajat,s1/sederajat,4,2.000.000 - 4.000.000,rumah,2.0,ya,visual,luring,4.0,0,tiktok,1-3,teka-teki,himpunan mahasiswa,<15
101121032,sains data dan pembelajaran mesin dalam geofisika,laki-laki,2003,kos,dki jakarta,3.72,3.74,3.62,a-,a-,21.0,0.0,tidak,seleksi rapot,sma/sman,negeri,93.0,sma/sederajat,s2/sederajat,3,8.000.000 - 40.000.000,rumah,3.0,ya,visual,luring,3.0,0,"instagram, twitter, tiktok",3-5,"strategi, teka-teki, olahraga, multiplayer","himpunan mahasiswa, organisasi keahlian",15-30
101121021,sains data dan pembelajaran mesin dalam geofisika,laki-laki,2003,asrama,sulawesi tengah,3.73,3.69,3.79,a-,a-,21.0,0.0,ya,beasiswa undangan,ma/man,negeri,89.0,sma/sederajat,s1/sederajat,1,< 2.000.000,bersama anggota keluarga besar,3.0,ya,aural,luring,3.0,1-3,"instagram, twitter, tiktok",3-5,tidak bermain game,"organisasi keprofesian, organisasi keahlian",15-30
101121046,sains data dan pembelajaran mesin dalam geofisika,perempuan,2003,kos,kalimantan timur,3.94,3.95,3.96,a,a,23.0,0.0,ya,seleksi rapot,sma/sman,swasta,90.0,sma/sederajat,s1/sederajat,1,8.000.000 - 40.000.000,rumah,2.0,ya,reading,luring,2.0,0,"instagram, tiktok",3-5,tidak bermain game,tidak mengikuti organisasi,<15
101121029,sains data dan pembelajaran mesin dalam geofisika,perempuan,2003,bersama orang tua,jawa barat,3.76,3.72,3.34,a,a-,21.0,0.0,tidak,ujian tes,sma/sman,swasta,97.0,sma/sederajat,sma/sederajat,1,8.000.000 - 40.000.000,rumah,3.0,tidak,visual,luring,4.0,1-3,"instagram, twitter",1-3,"aksi, petualangan, strategi, teka-teki",himpunan mahasiswa,<15
101121043,sains data dan pembelajaran mesin dalam geofisika,laki-laki,2003,bersama orang tua,jawa barat,2.89,3.4250002,2.87,c,b,20.0,0.0,tidak,seleksi rapot,sma/sman,negeri,89.0,sma/sederajat,sma/sederajat,3,8.000.000 - 40.000.000,rumah,2.0,tidak,visual,luring,2.0,1-3,"instagram, tiktok",3-5,olahraga,tidak mengikuti organisasi,60-120
101121025,sains data dan pembelajaran mesin dalam geofisika,laki-laki,2003,bersama orang tua,dki jakarta,2.38,3.4250002,2.64,c,b,22.0,1.0,tidak,seleksi rapot,smk/smkn,swasta,80.0,sma/sederajat,sma/sederajat,0,4.000.000 - 8.000.000,rumah,2.0,ya,aural,luring,2.0,1-3,instagram,1-3,"aksi, strategi, olahraga",himpunan mahasiswa,30-60
101121030,sains data dan pembelajaran mesin dalam geofisika,laki-laki,2004,kos,sulawesi utara,3.06,2.91,3.34,c+,b+,23.0,0.0,tidak,utbk/snbp,sma/sman,swasta,89.0,s1/sederajat,s1/sederajat,2,4.000.000 - 8.000.000,rumah,3.0,ya,reading,luring,1.0,0,"instagram, facebook, tiktok",5-10,"aksi, multiplayer",himpunan mahasiswa,15-30
101121042,sains data dan pembelajaran mesin dalam geofisika,laki-laki,2004,kos,sumatera utara,3.3249998,3.4250002,3.34,b+,a,17.0,2.0,tidak,seleksi rapot,sma/sman,swasta,93.0,s1/sederajat,s1/sederajat,4,8.000.000 - 40.000.000,rumah,2.0,ya,reading,daring,5.0,1-3,"instagram, tiktok",>10,olahraga,organisasi masyarakat,15-30
101121037,sains data dan pembelajaran mesin dalam geofisika,laki-laki,2003,kontrakan,sulawesi selatan,2.63,2.71,2.63,c,b-,20.0,0.0,tidak,seleksi rapot,sma/sman,negeri,89.0,sma/sederajat,s1/sederajat,1,8.000.000 - 40.000.000,rumah,2.0,ya,aural,daring,2.0,0,tidak menggunakan sosial media,0,teka-teki,himpunan mahasiswa,15-30
101121034,sains data dan pembelajaran mesin dalam geofisika,perempuan,2004,kos,jawa timur,3.67,3.46,3.78,b+,b+,21.0,0.0,tidak,seleksi rapot,ma/man,swasta,97.0,d1-d3,sma/sederajat,1,4.000.000 - 8.000.000,rumah,3.0,ya,visual,luring,5.0,4-10,"instagram, twitter, tiktok",3-5,teka-teki,himpunan mahasiswa,<15
101121012,sains data dan pembelajaran mesin dalam geofisika,perempuan,2002,kos,dki jakarta,3.58,3.4250002,3.34,b,a-,22.0,0.0,tidak,seleksi rapot,sma/sman,negeri,82.0,s1/sederajat,s1/sederajat,2,8.000.000 - 40.000.000,rumah,3.0,ya,aural,luring,2.0,1-3,"twitter, tiktok",1-3,"petualangan, teka-teki",himpunan mahasiswa,<15
101121022,sains data dan pembelajaran mesin dalam geofisika,perempuan,2003,kos,jawa timur,3.8,3.8,3.8,a,b+,22.0,0.0,ya,jalur undangan,sma/sman,negeri,89.0,sma/sederajat,sma/sederajat,1,8.000.000 - 40.000.000,rumah,3.0,ya,visual,luring,4.0,1-3,instagram,3-5,teka-teki,"himpunan mahasiswa, organisasi sosial",15-30
101121007,sains data dan pembelajaran mesin dalam geofisika,perempuan,2003,kos,riau,1.79,3.4250002,3.34,c,b,20.0,1.0,tidak,seleksi rapot,sma/sman,negeri,86.0,sma/sederajat,sma/sederajat,3,8.000.000 - 40.000.000,rumah,3.0,ya,reading,luring,1.0,0,"instagram, tiktok",1-3,tidak bermain game,himpunan mahasiswa,15-30
101121027,sains data dan pembelajaran mesin dalam geofisika,perempuan,2003,kos,maluku utara,3.43,3.44,3.7,c+,b,21.0,0.0,tidak,seleksi rapot,sma/sman,negeri,93.0,sma/sederajat,s1/sederajat,3,8.000.000 - 40.000.000,rumah,3.0,ya,visual,luring,4.0,0,"instagram, twitter, tiktok",1-3,"petualangan, strategi","himpunan mahasiswa, organisasi keahlian",15-30
101121009,sains data dan pembelajaran mesin dalam geofisika,perempuan,2003,kos,jawa timur,3.68,3.73,3.78,b-,a,21.0,0.0,tidak,seleksi rapot,ma/man,negeri,89.0,sma/sederajat,sma/sederajat,2,4.000.000 - 8.000.000,rumah,1.0,tidak,kinestetic,luring,3.0,0,"instagram, twitter, tiktok",5-10,tidak bermain game,himpunan mahasiswa,<15
101121018,sains data dan pembelajaran mesin dalam geofisika,perempuan,2002,kos,jawa timur,3.89,3.93,3.88,a,a,21.0,0.0,ya,seleksi rapot,sma/sman,negeri,90.0,sma/sederajat,sma/sederajat,0,8.000.000 - 40.000.000,rumah,2.0,ya,visual,luring,4.0,1-3,"instagram, tiktok",3-5,tidak bermain game,himpunan mahasiswa,<15
101121016,sains data dan pembelajaran mesin dalam geofisika,perempuan,2003,kos,jawa timur,3.75,3.88,3.76,a,b+,21.0,0.0,tidak,seleksi rapot,sma/sman,swasta,92.0,sma/sederajat,sd/sederajat,4,4.000.000 - 8.000.000,rumah,3.0,ya,reading,daring,3.0,1-3,instagram,5-10,tidak bermain game,himpunan mahasiswa,<15
101121039,sains data dan pembelajaran mesin dalam geofisika,laki-laki,2003,kos,jawa tengah,3.28,3.29,3.36,a,a,22.0,0.0,tidak,seleksi rapot,sma/sman,negeri,89.0,sma/sederajat,sma/sederajat,1,4.000.000 - 8.000.000,rumah,3.0,ya,aural,daring,3.0,0,instagram,3-5,multiplayer,himpunan mahasiswa,15-30
101121035,sains data dan pembelajaran mesin dalam geofisika,laki-laki,2003,bersama orang tua,jawa barat,3.21,3.24,3.34,c+,a,22.0,0.0,tidak,seleksi rapot,sma/sman,negeri,88.0,s1/sederajat,s1/sederajat,1,8.000.000 - 40.000.000,rumah,3.0,ya,visual,daring,3.0,0,"instagram, twitter, tiktok",3-5,"aksi, petualangan, strategi, teka-teki, multiplayer",himpunan mahasiswa,60-120
101121028,sains data dan pembelajaran mesin dalam geofisika,laki-laki,2001,bersama orang tua,jawa barat,3.0,3.19,3.1,c,b+,20.0,0.0,tidak,ujian tes,sma/sman,negeri,85.0,sma/sederajat,s1/sederajat,3,8.000.000 - 40.000.000,rumah,2.0,ya,reading,luring,3.0,0,"instagram, tiktok",5-10,"petualangan, teka-teki",himpunan mahasiswa,15-30
101121002,sains data dan pembelajaran mesin dalam geofisika,perempuan,2002,kos,jawa timur,3.65,3.9,3.57,b,a,21.0,0.0,tidak,seleksi rapot,sma/sman,negeri,89.0,s1/sederajat,s1/sederajat,0,4.000.000 - 8.000.000,rumah,1.0,ya,reading,luring,3.0,0,instagram,5-10,tidak bermain game,"himpunan mahasiswa, organisasi keahlian",<15
101121019,sains data dan pembelajaran mesin dalam geofisika,perempuan,2003,bersama orang tua,dki jakarta,3.52,3.36,3.38,b-,a-,21.0,0.0,tidak,seleksi rapot,smk/smkn,swasta,89.0,sma/sederajat,s1/sederajat,0,8.000.000 - 40.000.000,rumah,4.0,ya,aural,luring,4.0,1-3,"twitter, tiktok",5-10,petualangan,organisasi keprofesian,60-120
101121001,sains data dan pembelajaran mesin dalam geofisika,perempuan,2003,bersama orang tua,jawa barat,3.65,3.4250002,3.68,b,b+,21.0,0.0,tidak,seleksi rapot,sma/sman,negeri,89.0,sma/sederajat,sma/sederajat,2,4.000.000 - 8.000.000,rumah dinas,3.0,ya,aural,luring,3.0,0,twitter,5-10,aksi,himpunan mahasiswa,60-120
101121008,sains data dan pembelajaran mesin dalam geofisika,perempuan,2003,bersama orang tua,jawa barat,3.74,3.66,3.9,b+,a-,23.0,0.0,tidak,seleksi rapot,sma/sman,negeri,89.0,s1/sederajat,s1/sederajat,2,8.000.000 - 40.000.000,rumah,1.0,ya,reading,luring,2.0,0,"instagram, twitter",3-5,"aksi, petualangan, strategi, multiplayer",himpunan mahasiswa,60-120
101121048,sains data dan pembelajaran mesin dalam geofisika,perempuan,2003,kos,jawa tengah,3.42,3.19,3.67,c,a,22.0,0.0,tidak,seleksi rapot,sma/sman,negeri,90.0,sma/sederajat,sma/sederajat,1,4.000.000 - 8.000.000,rumah,2.0,ya,reading,luring,4.0,1-3,"instagram, twitter",3-5,olahraga,"himpunan mahasiswa, organisasi sosial",<15
101121024,sains data dan pembelajaran mesin dalam geofisika,laki-laki,2003,kos,papua barat daya,3.83,3.66,3.97,a,b,22.0,0.0,ya,seleksi rapot,ma/man,negeri,96.0,sma/sederajat,smp/sederajat,3,< 2.000.000,rumah,4.0,ya,visual,luring,5.0,1-3,"instagram, facebook",5-10,teka-teki,himpunan mahasiswa,15-30
101121041,sains data dan pembelajaran mesin dalam geofisika,laki-laki,2003,kos,sumatera utara,3.7,3.63,3.8,a-,a-,21.0,0.0,tidak,beasiswa aperti bumn,ma/man,negeri,95.0,sma/sederajat,sma/sederajat,>4,4.000.000 - 8.000.000,rumah,2.0,tidak,aural,luring,3.0,1-3,"instagram, tiktok",5-10,olahraga,"himpunan mahasiswa, organisasi sosial, organisasi keagamaan",<15
101121040,sains data dan pembelajaran mesin dalam geofisika,laki-laki,2003,bersama orang tua,jawa barat,3.38,3.56,3.28,c+,a,22.0,0.0,tidak,seleksi rapot,sma/sman,swasta,89.0,sma/sederajat,sma/sederajat,1,4.000.000 - 8.000.000,rumah,3.0,ya,reading,luring,3.0,1-3,instagram,3-5,"strategi, olahraga",himpunan mahasiswa,60-120
101121050,sains data dan pembelajaran mesin dalam geofisika,laki-laki,2003,kos,riau,3.88,3.9,3.84,a,a,21.0,0.0,tidak,seleksi rapot,sma/sman,negeri,90.0,s1/sederajat,s1/sederajat,3,4.000.000 - 8.000.000,rumah,4.0,tidak,reading,luring,4.0,1-3,facebook,1-3,strategi,"himpunan mahasiswa, organisasi keagamaan",<15
101119060,sains data dan pembelajaran mesin dalam geofisika,laki-laki,2001,kos,sumatera utara,2.94,3.4250002,3.34,b-,c+,14.0,0.0,tidak,utbk/snbp,sma/sman,negeri,89.0,s1/sederajat,sma/sederajat,>4,2.000.000 - 4.000.000,rumah,3.0,ya,aural,luring,5.0,0,instagram,3-5,multiplayer,himpunan mahasiswa,<15
101121013,sains data dan pembelajaran mesin dalam geofisika,perempuan,2002,kos,jawa barat,3.7,3.4250002,3.8,a-,b+,21.0,0.0,tidak,utbk/snbp,sma/sman,swasta,89.0,d1-d3,s2/sederajat,2,8.000.000 - 40.000.000,rumah,3.0,ya,visual,luring,3.0,0,instagram,1-3,tidak bermain game,himpunan mahasiswa,<15
105220045,praktikum pembelajaran mesin prodi ilmu komputer,laki-laki,2002,kos,kalimantan timur,3.33,3.5,3.33,b-,a,24.0,0.0,ya,beasiswa undangan,sma/sman,negeri,89.0,s1/sederajat,s1/sederajat,0,2.000.000 - 4.000.000,rumah,4.0,ya,visual,daring,3.0,1-3,"instagram, tiktok",3-5,"aksi, strategi, multiplayer",himpunan mahasiswa,<15
105219043,praktikum pembelajaran mesin prodi ilmu komputer,perempuan,2000,bersama orang tua,dki jakarta,3.65,3.79,3.58,a,b+,17.0,0.0,tidak,utbk/snbp,sma/sman,negeri,89.0,d1-d3,sma/sederajat,2,2.000.000 - 4.000.000,bersama anggota keluarga besar,4.0,tidak,visual,luring,3.0,1-3,"instagram, twitter",5-10,"strategi, teka-teki",himpunan mahasiswa,>120
105220044,praktikum pembelajaran mesin prodi ilmu komputer,laki-laki,2001,bersama orang tua,dki jakarta,2.73,3.4250002,3.11,b,b+,22.0,0.0,tidak,utbk/snbp,smk/smkn,swasta,89.0,sma/sederajat,sma/sederajat,1,4.000.000 - 8.000.000,rumah,3.0,ya,aural,luring,3.0,1-3,"facebook, whatsapp, youtube",>10,"aksi, petualangan, strategi, teka-teki, olahraga, multiplayer","himpunan mahasiswa, organisasi keahlian",30-60
105220028,praktikum pembelajaran mesin prodi ilmu komputer,laki-laki,2001,bersama orang tua,jawa barat,2.89,2.89,2.68,b-,b+,20.0,3.0,tidak,seleksi rapot,sma/sman,negeri,89.0,s1/sederajat,d1-d3,2,8.000.000 - 40.000.000,rumah,3.0,tidak,visual,daring,1.0,0,facebook,1-3,"aksi, petualangan, strategi, teka-teki, multiplayer","himpunan mahasiswa, organisasi sosial",30-60
105220049,praktikum pembelajaran mesin prodi ilmu komputer,perempuan,2002,kos,jawa barat,3.1,3.1,2.9,b+,b+,22.0,0.0,tidak,utbk/snbp,ma/man,negeri,93.0,s1/sederajat,sma/sederajat,1,8.000.000 - 40.000.000,rumah,3.0,ya,kinestetic,luring,3.0,0,tidak menggunakan sosial media,0,teka-teki,tidak mengikuti organisasi,<15
105220036,praktikum pembelajaran mesin prodi ilmu komputer,perempuan,2003,kos,sumatera utara,3.01,3.4250002,3.34,b,b,22.0,1.0,tidak,seleksi rapot,sma/sman,negeri,95.0,sma/sederajat,sma/sederajat,4,2.000.000 - 4.000.000,rumah,3.0,ya,visual,luring,3.0,1-3,"instagram, twitter",1-3,"aksi, teka-teki, multiplayer",organisasi keagamaan,15-30
105220038,praktikum pembelajaran mesin prodi ilmu komputer,laki-laki,2001,bersama orang tua,jawa barat,2.7,2.3,2.1,c,b+,19.0,0.0,tidak,seleksi rapot,sma/sman,negeri,83.0,d1-d3,s1/sederajat,1,< 2.000.000,rumah,3.0,ya,visual,luring,3.0,1-3,tidak menggunakan sosial media,0,"aksi, strategi, teka-teki",tidak mengikuti organisasi,60-120
105220007,praktikum pembelajaran mesin prodi ilmu komputer,laki-laki,2001,kos,bali,3.3,3.4250002,2.9,b,a,22.0,0.0,tidak,ujian tes,sma/sman,swasta,79.0,s1/sederajat,s1/sederajat,1,8.000.000 - 40.000.000,rumah,3.0,ya,visual,luring,3.0,0,tiktok,3-5,"olahraga, multiplayer",tidak mengikuti organisasi,<15
105220040,praktikum pembelajaran mesin prodi ilmu komputer,laki-laki,2001,bersama orang tua,dki jakarta,3.59,3.59,3.34,a,b,22.0,0.0,tidak,seleksi rapot,sma/sman,negeri,96.0,s1/sederajat,s1/sederajat,1,< 2.000.000,rumah,2.0,ya,reading,daring,2.0,1-3,"instagram, facebook, twitter, tiktok",1-3,"strategi, teka-teki, multiplayer",tidak mengikuti organisasi,60-120
105220030,praktikum pembelajaran mesin prodi ilmu komputer,perempuan,2002,kos,jambi,3.22,3.27,3.16,a-,b+,22.0,0.0,ya,ujian tes,ma/man,negeri,92.0,sma/sederajat,sma/sederajat,1,< 2.000.000,rumah,3.0,ya,kinestetic,daring,4.0,4-10,"instagram, twitter",3-5,"aksi, petualangan, strategi, teka-teki, multiplayer",tidak mengikuti organisasi,<15
105220024,praktikum pembelajaran mesin prodi ilmu komputer,laki-laki,2002,kos,jawa barat,2.85,2.8,3.34,c+,b,19.0,0.0,ya,ujian tes,ma/man,negeri,90.0,d4/sarjana terapan,s1/sederajat,2,< 2.000.000,rumah,4.0,tidak,visual,daring,5.0,4-10,"instagram, whatsapp",>10,"teka-teki, olahraga, multiplayer, strategi, petualangan, shooting, aksi","himpunan mahasiswa, organisasi sosial",>120
105219035,praktikum pembelajaran mesin prodi ilmu komputer,laki-laki,2001,kos,sumatera utara,2.73,2.83,3.19,c,b,16.0,6.0,tidak,ujian tes,sma/sman,swasta,85.0,s1/sederajat,s1/sederajat,1,8.000.000 - 40.000.000,rumah,3.0,ya,aural,luring,3.0,1-3,"instagram, twitter",1-3,aksi,tidak mengikuti organisasi,15-30
105220009,praktikum pembelajaran mesin prodi ilmu komputer,perempuan,2002,kos,riau,3.64,3.7,3.47,a,a,22.0,0.0,tidak,seleksi rapot,sma/sman,swasta,90.0,d1-d3,s1/sederajat,3,8.000.000 - 40.000.000,rumah,2.0,ya,aural,daring,3.0,0,instagram,3-5,tidak bermain game,"himpunan mahasiswa, organisasi keagamaan",<15
105220006,praktikum pembelajaran mesin prodi ilmu komputer,laki-laki,2002,bersama orang tua,jawa barat,3.12,3.16,2.96,b,b+,20.0,0.0,tidak,ujian tes,sma/sman,negeri,89.0,sma/sederajat,s1/sederajat,1,2.000.000 - 4.000.000,rumah,4.0,tidak,aural,luring,3.0,0,"instagram, twitter",3-5,"aksi, strategi, multiplayer",himpunan mahasiswa,>120
105220001,praktikum pembelajaran mesin prodi ilmu komputer,perempuan,2002,kos,jawa timur,3.75,3.83,3.75,a,a-,22.0,0.0,ya,ujian tes,sma/sman,negeri,85.0,d4/sarjana terapan,s1/sederajat,2,4.000.000 - 8.000.000,rumah,2.0,ya,aural,luring,2.0,0,instagram,3-5,teka-teki,himpunan mahasiswa,<15
105220005,praktikum pembelajaran mesin prodi ilmu komputer,laki-laki,2002,kos,sumatera barat,3.77,3.87,3.91,a,a,23.0,0.0,ya,ujian tes,sma/sman,negeri,89.0,s1/sederajat,s1/sederajat,2,< 2.000.000,rumah,3.0,ya,visual,daring,5.0,4-10,tidak menggunakan sosial media,0,tidak bermain game,tidak mengikuti organisasi,<15
105220031,praktikum pembelajaran mesin prodi ilmu komputer,laki-laki,2001,bersama orang tua,dki jakarta,2.67,2.41,2.98,c,a-,22.0,0.0,tidak,seleksi rapot,sma/sman,swasta,82.0,sma/sederajat,s1/sederajat,3,8.000.000 - 40.000.000,rumah,4.0,ya,visual,daring,4.0,1-3,"instagram, facebook, twitter, tiktok",1-3,"aksi, petualangan, multiplayer",himpunan mahasiswa,60-120
105220025,praktikum pembelajaran mesin prodi ilmu komputer,laki-laki,2001,bersama orang tua,jawa timur,3.38,3.4250002,3.25,a,a,20.0,0.0,tidak,seleksi rapot,sma/sman,swasta,89.0,sma/sederajat,sma/sederajat,0,8.000.000 - 40.000.000,rumah,4.0,ya,visual,luring,3.0,1-3,"instagram, facebook",3-5,"aksi, petualangan, multiplayer",tidak mengikuti organisasi,30-60
105220035,praktikum pembelajaran mesin prodi ilmu komputer,laki-laki,2003,bersama orang tua,dki jakarta,3.1,2.97,2.77,a,b,20.0,0.0,tidak,seleksi rapot,sma/sman,negeri,89.0,d4/sarjana terapan,sma/sederajat,1,8.000.000 - 40.000.000,rumah,3.0,tidak,visual,luring,1.0,1-3,"instagram, tiktok",3-5,multiplayer,tidak mengikuti organisasi,15-30
105220022,praktikum pembelajaran mesin prodi ilmu komputer,laki-laki,2002,bersama orang tua,jawa barat,3.34,3.41,3.34,a,b+,20.0,0.0,tidak,seleksi rapot,smk/smkn,negeri,90.0,sma/sederajat,sma/sederajat,2,8.000.000 - 40.000.000,rumah,2.0,ya,aural,luring,3.0,1-3,instagram,1-3,multiplayer,himpunan mahasiswa,60-120
105220052,praktikum pembelajaran mesin prodi ilmu komputer,laki-laki,2001,bersama orang tua,dki jakarta,2.44,1.71,2.27,c+,b,20.0,4.0,tidak,seleksi rapot,sma/sman,negeri,79.0,sma/sederajat,d1-d3,2,4.000.000 - 8.000.000,rumah,3.0,ya,aural,daring,2.0,1-3,instagram,1-3,"strategi, olahraga, multiplayer",tidak mengikuti organisasi,30-60
105219061,praktikum pembelajaran mesin prodi ilmu komputer,laki-laki,2001,bersama orang tua,banten,2.7,2.11,2.88,a-,a-,19.0,4.0,tidak,utbk/snbp,ma/man,negeri,90.0,s1/sederajat,s1/sederajat,1,> 40.000.000,rumah,3.0,ya,visual,luring,3.0,0,tidak menggunakan sosial media,0,"aksi, petualangan, teka-teki",himpunan mahasiswa,30-60
105219057,praktikum pembelajaran mesin prodi ilmu komputer,laki-laki,2000,bersama orang tua,dki jakarta,3.3,3.25,3.28,b,a,21.0,1.0,tidak,ujian tes,sma/sman,negeri,86.0,d1-d3,s1/sederajat,1,8.000.000 - 40.000.000,rumah,3.0,ya,visual,daring,3.0,0,"instagram, twitter",1-3,"aksi, petualangan, strategi, olahraga, multiplayer",himpunan mahasiswa,15-30
105220039,praktikum pembelajaran mesin prodi ilmu komputer,perempuan,2002,kos,banten,3.37,3.54,3.13,a-,a,24.0,0.0,tidak,seleksi rapot,sma/sman,negeri,94.0,d1-d3,d1-d3,1,8.000.000 - 40.000.000,rumah,4.0,ya,visual,luring,2.0,1-3,"instagram, twitter",1-3,"aksi, petualangan, strategi, teka-teki, multiplayer",himpunan mahasiswa,<15
105220051,praktikum pembelajaran mesin prodi ilmu komputer,laki-laki,2002,bersama orang tua,banten,2.84,2.49,2.7,a-,a-,20.0,1.0,tidak,utbk/snbp,sma/sman,negeri,90.0,d4/sarjana terapan,s2/sederajat,1,4.000.000 - 8.000.000,rumah,3.0,ya,visual,daring,3.0,1-3,"instagram, facebook",3-5,"aksi, strategi, olahraga",himpunan mahasiswa,15-30
105220027,praktikum pembelajaran mesin prodi ilmu komputer,laki-laki,2000,kos,jawa timur,2.73,3.4250002,3.34,c,b,20.0,0.0,tidak,seleksi rapot,smk/smkn,negeri,80.0,sma/sederajat,tidak tau,2,8.000.000 - 40.000.000,rumah,3.0,ya,aural,daring,4.0,4-10,"instagram, facebook",<1,"strategi, multiplayer",himpunan mahasiswa,30-60
105218004,praktikum pembelajaran mesin prodi ilmu komputer,laki-laki,2000,kos,nusa tenggara barat,2.4,3.4250002,3.34,b,a,13.0,4.0,tidak,snmptn,sma/sman,negeri,95.0,sd/sederajat,d4/sarjana terapan,>4,< 2.000.000,rumah,3.0,ya,reading,luring,4.0,1-3,instagram,1-3,"aksi, petualangan, teka-teki, multiplayer",tidak mengikuti organisasi,15-30
105220003,praktikum pembelajaran mesin prodi ilmu komputer,laki-laki,2002,kontrakan,banten,2.6,2.6,2.6,c+,a-,20.0,0.0,tidak,ujian tes,sma/sman,negeri,70.0,s2/sederajat,sma/sederajat,1,8.000.000 - 40.000.000,rumah,3.0,ya,aural,luring,3.0,0,tiktok,1-3,multiplayer,himpunan mahasiswa,15-30
105220004,praktikum pembelajaran mesin prodi ilmu komputer,perempuan,2002,kos,sumatera selatan,2.79,2.7,3.34,b-,b+,22.0,1.0,ya,ujian tes,sma/sman,negeri,94.0,smp/sederajat,smp/sederajat,2,< 2.000.000,rumah,3.0,tidak,visual,luring,3.0,0,"instagram, tiktok",>10,aksi,himpunan mahasiswa,<15
105220050,praktikum pembelajaran mesin prodi ilmu komputer,laki-laki,2002,bersama orang tua,sumatera utara,2.64,3.05,2.44,c+,a,20.0,1.0,tidak,utbk/snbp,smk/smkn,swasta,60.0,s1/sederajat,s1/sederajat,2,8.000.000 - 40.000.000,rumah,2.0,tidak,aural,luring,1.0,0,"instagram, twitter",1-3,"aksi, petualangan, strategi, teka-teki, olahraga, multiplayer",himpunan mahasiswa,60-120
105220013,praktikum pembelajaran mesin prodi ilmu komputer,perempuan,2003,kos,banten,3.2,3.22,2.89,b-,a,20.0,0.0,tidak,ujian tes,sma/sman,negeri,99.0,s1/sederajat,s1/sederajat,1,4.000.000 - 8.000.000,rumah,3.0,ya,aural,daring,3.0,0,instagram,1-3,petualangan,tidak mengikuti organisasi,<15
105220023,praktikum pembelajaran mesin prodi ilmu komputer,laki-laki,2002,kos,jawa barat,3.0,3.03,2.77,b,b,22.0,0.0,tidak,ujian tes,sma/sman,swasta,87.0,s1/sederajat,s1/sederajat,1,4.000.000 - 8.000.000,rumah,3.0,tidak,aural,luring,2.0,0,instagram,1-3,tidak bermain game,himpunan mahasiswa,15-30
105220032,praktikum pembelajaran mesin prodi ilmu komputer,laki-laki,2002,bersama orang tua,jawa barat,3.3249998,3.4250002,3.34,c+,b-,22.0,0.0,tidak,seleksi rapot,smk/smkn,negeri,65.0,sma/sederajat,sma/sederajat,2,2.000.000 - 4.000.000,kontrakan,2.0,tidak,visual,luring,2.0,0,"instagram, twitter, tiktok",3-5,"aksi, petualangan, strategi, multiplayer, shooting",himpunan mahasiswa,60-120
105220018,praktikum pembelajaran mesin prodi ilmu komputer,perempuan,2002,bersama orang tua,jawa barat,2.95,3.02,2.5,c+,b-,20.0,0.0,tidak,seleksi rapot,sma/sman,swasta,85.0,sma/sederajat,s1/sederajat,1,4.000.000 - 8.000.000,rumah,3.0,ya,visual,daring,2.0,0,instagram,5-10,aksi,tidak mengikuti organisasi,60-120
105220053,praktikum pembelajaran mesin prodi ilmu komputer,laki-laki,2002,kos,sumatera utara,3.18,3.5,2.73,b,b,20.0,0.0,tidak,utbk/snbp,sma/sman,swasta,92.0,sma/sederajat,d1-d3,1,8.000.000 - 40.000.000,rumah,3.0,ya,visual,daring,3.0,1-3,"instagram, twitter",5-10,"aksi, petualangan, strategi, olahraga, multiplayer",himpunan mahasiswa,<15
105220042,praktikum pembelajaran mesin prodi ilmu komputer,laki-laki,2002,kontrakan,sumatera utara,3.09,3.4250002,3.34,a,a,22.0,0.0,ya,seleksi rapot,sma/sman,swasta,89.0,smp/sederajat,sma/sederajat,4,2.000.000 - 4.000.000,kontrakan,4.0,ya,visual,daring,2.0,4-10,"twitter, whatsapp",3-5,tidak bermain game,himpunan mahasiswa,30-60
105220043,praktikum pembelajaran mesin prodi ilmu komputer,perempuan,2001,kos,riau,3.18,3.11,3.27,b+,b+,24.0,0.0,tidak,utbk/snbp,sma/sman,swasta,89.0,tidak lulus sd,sd/sederajat,>4,4.000.000 - 8.000.000,rumah,1.0,tidak,aural,luring,4.0,1-3,"twitter, tiktok",>10,"aksi, petualangan, strategi, teka-teki, multiplayer","himpunan mahasiswa, organisasi keagamaan",<15
105220010,praktikum pembelajaran mesin prodi ilmu komputer,laki-laki,2002,kos,dki jakarta,3.12,2.76,3.16,a,a,22.0,2.0,tidak,seleksi rapot,ma/man,negeri,80.0,d1-d3,d1-d3,0,8.000.000 - 40.000.000,rumah,4.0,ya,visual,luring,5.0,4-10,"instagram, twitter, tiktok",3-5,"aksi, petualangan, strategi, teka-teki, olahraga, multiplayer","himpunan mahasiswa, organisasi keahlian",<15
105220014,praktikum pembelajaran mesin prodi ilmu komputer,perempuan,2002,bersama orang tua,jawa barat,2.75,2.56,2.93,c,b,22.0,1.0,tidak,seleksi rapot,sma/sman,swasta,89.0,sma/sederajat,sma/sederajat,>4,2.000.000 - 4.000.000,rumah,3.0,tidak,aural,luring,2.0,0,"instagram, youtube",5-10,tidak bermain game,tidak mengikuti organisasi,60-120
105219038,praktikum pembelajaran mesin prodi ilmu komputer,laki-laki,2001,kos,bangka belitung,3.34,3.87,3.81,c,b,18.0,0.0,tidak,utbk/snbp,sma/sman,negeri,89.0,s1/sederajat,sma/sederajat,1,8.000.000 - 40.000.000,rumah,4.0,tidak,aural,daring,5.0,4-10,"instagram, facebook",1-3,"aksi, strategi, multiplayer",tidak mengikuti organisasi,15-30
105220026,praktikum pembelajaran mesin prodi ilmu komputer,laki-laki,2002,bersama orang tua,jawa barat,2.64,2.66,2.77,c+,a-,20.0,1.0,tidak,seleksi rapot,boarding school,swasta,81.0,sma/sederajat,d1-d3,1,4.000.000 - 8.000.000,rumah,3.0,tidak,aural,luring,3.0,0,"instagram, twitter, tiktok",3-5,"aksi, strategi, multiplayer","himpunan mahasiswa, organisasi sosial, organisasi keagamaan",60-120
105220020,praktikum pembelajaran mesin prodi ilmu komputer,laki-laki,2001,bersama orang tua,dki jakarta,2.57,2.48,2.41,c,b-,22.0,1.0,tidak,seleksi rapot,smk/smkn,negeri,89.0,sma/sederajat,sma/sederajat,2,< 2.000.000,kontrakan,3.0,tidak,visual,luring,2.0,1-3,"instagram, facebook, twitter, tiktok",1-3,shooting,himpunan mahasiswa,30-60
105220048,praktikum pembelajaran mesin prodi ilmu komputer,perempuan,2002,kos,sumatera barat,3.08,3.1,2.99,c+,b+,22.0,0.0,tidak,utbk/snbp,sma/sman,negeri,91.0,s1/sederajat,s1/sederajat,2,2.000.000 - 4.000.000,rumah,3.0,tidak,visual,luring,3.0,1-3,"instagram, tiktok",5-10,"strategi, teka-teki",himpunan mahasiswa,<15
105220041,praktikum pembelajaran mesin prodi ilmu komputer,laki-laki,2002,kos,jawa timur,3.3249998,3.4250002,3.34,a,a,22.0,0.0,tidak,seleksi rapot,sma/sman,negeri,89.0,sma/sederajat,sma/sederajat,3,8.000.000 - 40.000.000,rumah,3.0,tidak,visual,daring,5.0,0,"twitter, tiktok",5-10,tidak bermain game,tidak mengikuti organisasi,60-120
